timestamp,user_id,country,device,endpoint,request_size_bytes,success,label
2026-01-03T17:47:52,u11,US,dev-11-a,/api/orders,930,1,0
2026-01-08T20:49:48,u08,IE,dev-08-a,/api/config,56871,1,1
2026-01-30T08:34:35,u03,DE,dev-03-a,/api/search,980,1,0
2026-01-22T00:41:50,u14,DE,dev-14-a,/api/profile,1809,1,0
2026-01-26T19:23:10,u06,IE,dev-06-b,/api/reports,1058,1,0
2026-01-25T00:44:45,u05,GB,dev-05-a,/api/orders,1959,1,0
2026-01-18T18:28:59,u02,IE,dev-02-a,/api/search,563,1,0
2026-01-02T23:31:14,u06,IE,dev-06-b,/api/documents,1287,1,0
2026-01-13T17:55:31,u12,ES,dev-12-b,/api/search,3393,1,0
2026-01-20T05:12:37,u11,US,dev-11-b,/api/reports,1027,1,1
2026-01-25T04:11:09,u05,GB,dev-05-b,/api/reports,2871,1,1
2026-01-09T03:31:42,u14,DE,dev-14-a,/api/reports,3093,1,1
2026-01-25T16:06:06,u12,BR,atk-6614,/api/search,150,0,1
2026-01-06T17:40:58,u03,DE,dev-03-a,/api/reports,7709,1,0
2026-01-18T07:19:15,u07,IE,dev-07-a,/api/orders,2076,1,0
2026-01-21T19:07:29,u04,DE,dev-04-a,/api/profile,194,1,1
2026-01-29T07:01:01,u03,NG,atk-1712,/api/reports,150,0,1
2026-01-19T11:58:20,u10,FR,dev-10-a,/api/profile,114,1,0
2026-01-18T12:01:05,u09,GB,dev-09-a,/api/search,5437,1,0
2026-01-12T19:34:09,u09,US,dev-09-b,/api/documents,186,1,0
2026-01-24T15:51:21,u14,DE,dev-14-a,/api/profile,988,1,0
2026-01-19T04:55:17,u02,IE,dev-02-a,/api/profile,1497,1,0
2026-01-12T18:53:36,u02,IE,dev-02-a,/api/reports,2224,1,0
2026-01-11T17:39:39,u02,IE,dev-02-a,/api/orders,579,1,0
2026-01-30T02:59:46,u06,IE,dev-06-a,/api/profile,1807,1,1
2026-01-30T16:02:56,u02,GB,dev-02-a,/api/documents,554,1,0
2026-01-26T13:21:59,u03,DE,dev-03-a,/api/documents/export,3339,1,0
2026-01-03T01:24:05,u11,US,dev-11-a,/api/profile,4954,1,0
2026-01-14T06:41:54,u06,IE,dev-06-b,/api/system/backup,43694,1,1
2026-01-30T10:31:23,u00,IE,dev-00-a,/api/documents,1504,1,0
2026-01-22T06:55:54,u03,DE,dev-03-a,/api/profile,313,1,0
2026-01-04T13:17:45,u11,US,dev-11-b,/api/profile,5309,1,0
2026-01-31T00:59:27,u13,ES,dev-13-a,/api/reports,2927,1,0
2026-01-18T16:36:43,u03,DE,dev-03-a,/api/orders,1409,1,0
2026-01-08T07:38:48,u00,IE,dev-00-a,/api/system/backup,272,1,0
2026-01-07T02:11:54,u08,IE,dev-08-b,/api/profile,1472,1,0
2026-01-18T02:30:30,u11,US,atk-sh-6584,/api/profile,208,1,1
2026-01-07T22:39:05,u09,US,atk-tr-7880,/api/search,800,1,1
2026-01-09T18:56:04,u05,GB,dev-05-b,/api/documents,836,1,0
2026-01-12T00:44:10,u08,NG,atk-2371,/api/documents,150,0,1
2026-01-03T21:05:41,u00,IE,dev-00-a,/api/documents,776,1,0
2026-01-23T03:43:11,u00,IE,dev-00-a,/api/search,1208,1,0
2026-01-22T01:24:14,u06,IE,dev-06-a,/api/reports,143,1,0
2026-01-03T11:04:47,u13,ES,dev-13-a,/api/documents,668,1,0
2026-01-22T07:57:39,u00,IE,dev-00-a,/api/profile,1266,1,0
2026-01-03T10:47:39,u03,DE,dev-03-b,/api/documents,867,1,0
2026-01-02T07:40:57,u14,BR,atk-1667,/api/orders,150,0,1
2026-01-15T00:02:50,u01,DE,dev-01-a,/api/orders,6757,1,0
2026-01-19T19:34:02,u00,IE,dev-00-a,/api/search,2110,1,0
2026-01-20T10:59:02,u08,IE,dev-08-a,/api/profile,620,1,0
2026-01-25T18:48:09,u11,US,dev-11-a,/api/search,1495,1,0
2026-01-14T02:01:26,u12,ES,dev-12-a,/api/documents/export,534,1,0
2026-01-09T06:47:38,u09,US,dev-09-a,/api/reports,7145,1,0
2026-01-05T13:21:11,u09,US,dev-09-a,/api/reports,661,1,0
2026-01-14T18:07:22,u08,IE,dev-08-b,/api/profile,1978,1,0
2026-01-05T12:18:00,u01,DE,dev-01-a,/api/reports,432,1,0
2026-01-17T08:31:00,u00,IE,dev-00-a,/api/search,276,1,0
2026-01-19T17:10:07,u02,IE,dev-02-a,/api/documents,190,1,0
2026-01-15T02:49:06,u12,ES,dev-12-a,/api/documents/export,274833,1,1
2026-01-08T10:14:58,u11,US,dev-11-a,/api/search,3654,1,0
2026-01-21T10:19:58,u05,GB,dev-05-b,/api/search,1503,1,0
2026-01-17T17:09:14,u10,FR,dev-10-a,/api/documents,1784,1,0
2026-01-23T14:15:38,u12,ES,dev-12-a,/api/reports,2251,1,0
2026-01-10T08:14:37,u03,DE,dev-03-a,/api/profile,2065,1,0
2026-01-09T14:44:47,u14,DE,dev-14-a,/api/profile,5042,1,0
2026-01-22T08:40:14,u07,IE,dev-07-b,/api/search,1304,1,0
2026-01-04T14:18:20,u04,DE,dev-04-a,/api/orders,2040,1,0
2026-01-13T18:25:30,u11,US,dev-11-b,/api/orders,1648,1,0
2026-01-21T16:53:46,u11,US,dev-11-b,/api/reports,358,1,0
2026-01-16T08:20:16,u11,US,dev-11-b,/api/documents/export,878,1,0
2026-01-27T11:08:49,u11,US,dev-11-a,/api/search,507,1,0
2026-01-25T01:42:13,u01,RU,atk-pe-8688,/api/admin/users,800,1,1
2026-01-20T22:12:03,u06,IE,dev-06-a,/api/search,3041,1,0
2026-01-28T21:44:48,u06,IE,dev-06-a,/api/search,204,1,0
2026-01-16T22:09:42,u08,IE,dev-08-b,/api/orders,468,1,0
2026-01-30T05:57:42,u04,DE,dev-04-a,/api/orders,284,1,0
2026-01-28T03:54:42,u08,IE,dev-08-b,/api/profile,330,1,0
2026-01-19T03:23:24,u03,DE,dev-03-a,/api/orders,1701,1,0
2026-01-26T14:24:36,u00,IE,dev-00-a,/api/orders,561,1,0
2026-01-23T02:30:05,u02,IE,dev-02-a,/api/reports,422,1,0
2026-01-23T22:27:30,u01,DE,dev-01-a,/api/orders,430,1,0
2026-01-18T15:56:27,u08,IE,dev-08-b,/api/search,1132,1,0
2026-01-12T13:13:10,u02,IE,dev-02-a,/api/documents,707,1,0
2026-01-16T13:56:58,u00,IE,dev-00-a,/api/reports,2702,1,0
2026-01-07T11:09:28,u02,IE,dev-02-a,/api/search,1776,1,0
2026-01-15T20:24:32,u04,DE,atk-sh-4304,/api/orders,116,1,1
2026-01-19T04:22:39,u12,ES,dev-12-a,/api/orders,176,1,0
2026-01-16T00:43:02,u07,IE,dev-07-b,/api/profile,1059,1,0
2026-01-06T14:36:59,u12,ES,dev-12-a,/api/profile,664,1,0
2026-01-25T01:31:25,u09,US,dev-09-a,/api/reports,163,1,0
2026-01-20T18:55:29,u04,DE,dev-04-a,/api/documents,4978,1,0
2026-01-17T08:21:30,u06,IE,dev-06-a,/api/documents,7960,1,1
2026-01-07T01:28:05,u05,AU,atk-tr-4516,/api/profile,800,1,1
2026-01-16T16:03:37,u06,IE,dev-06-b,/api/search,412,1,0
2026-01-05T05:42:33,u12,ES,dev-12-b,/api/reports,745,1,0
2026-01-27T07:44:11,u11,US,dev-11-a,/api/reports,918,1,0
2026-01-20T23:48:23,u01,RU,atk-5800,/api/orders,150,0,1
2026-01-09T14:04:50,u07,IE,dev-07-a,/api/reports,2032,1,0
2026-01-21T19:11:21,u01,DE,dev-01-a,/api/profile,399,1,0
2026-01-04T22:05:24,u12,ES,dev-12-b,/api/reports,702,1,0
2026-01-03T21:12:15,u12,ES,dev-12-b,/api/profile,2924,1,0
2026-01-25T19:55:55,u03,DE,dev-03-a,/api/search,3186,1,0
2026-01-27T11:49:14,u02,IE,dev-02-a,/api/search,1042,1,0
2026-01-26T18:43:48,u06,IE,dev-06-a,/api/profile,10855,1,0
2026-01-20T00:01:20,u12,ES,dev-12-b,/api/reports,639,1,0
2026-01-25T22:08:40,u03,BR,atk-5074,/api/documents,150,0,1
2026-01-27T03:32:10,u12,ES,dev-12-b,/api/reports,482,1,0
2026-01-24T23:17:27,u08,IE,dev-08-b,/api/documents/export,490002,1,1
2026-01-24T19:24:55,u06,IE,dev-06-b,/api/search,579,1,0
2026-01-27T21:05:27,u00,IE,dev-00-a,/api/documents,2430,1,0
2026-01-06T01:49:13,u09,US,dev-09-b,/api/profile,2542,1,0
2026-01-13T10:03:32,u07,IE,dev-07-b,/api/documents/export,628,1,0
2026-01-13T01:17:37,u00,IE,dev-00-a,/api/documents/export,474304,1,1
2026-01-12T06:48:46,u02,IE,dev-02-a,/api/documents,742,1,0
2026-01-29T17:35:34,u03,DE,dev-03-b,/api/documents,312,1,0
2026-01-11T17:21:04,u14,DE,dev-14-a,/api/documents,1161,1,1
2026-01-27T08:29:31,u01,DE,dev-01-a,/api/documents/export,1365,1,0
2026-01-24T08:18:16,u14,DE,dev-14-a,/api/documents/export,384239,1,1
2026-01-15T09:56:02,u12,ES,dev-12-b,/api/search,773,1,0
2026-01-02T12:19:18,u10,FR,dev-10-b,/api/profile,729,1,0
2026-01-21T23:25:22,u13,ES,dev-13-a,/api/documents/export,6372,1,0
2026-02-01T00:10:59,u14,DE,dev-14-a,/api/search,3647,1,0
2026-01-13T06:52:08,u10,FR,dev-10-b,/api/documents/export,564538,1,1
2026-01-07T05:22:51,u02,IE,dev-02-a,/api/orders,3934,1,0
2026-01-20T23:29:16,u12,ES,dev-12-a,/api/profile,626,1,0
2026-01-01T21:02:23,u00,IE,dev-00-a,/api/search,2433,1,0
2026-01-14T09:26:44,u12,ES,dev-12-a,/api/search,368,1,0
2026-01-07T02:22:11,u04,DE,dev-04-a,/api/documents,320,1,0
2026-01-17T12:46:35,u02,IE,dev-02-a,/api/documents,392,1,0
2026-01-15T07:59:20,u12,ES,dev-12-b,/api/profile,2342,1,0
2026-01-13T23:36:47,u05,GB,dev-05-b,/api/reports,4618,1,0
2026-01-18T08:39:06,u01,DE,dev-new-4096,/api/orders,1100,1,0
2026-01-29T23:20:44,u01,DE,dev-01-a,/api/documents,975,1,0
2026-01-29T19:33:34,u04,DE,dev-04-a,/api/orders,810,1,0
2026-01-11T20:38:26,u13,ES,dev-13-a,/api/documents,590,1,0
2026-01-23T17:28:53,u10,FR,dev-10-a,/api/profile,816,1,1
2026-01-13T02:01:59,u10,FR,dev-10-a,/api/orders,1576,1,0
2026-01-05T06:30:38,u12,ES,dev-12-a,/api/orders,5780,1,0
2026-01-03T21:52:28,u07,IE,dev-07-b,/api/profile,303,1,0
2026-01-17T00:32:47,u07,IE,dev-07-a,/api/profile,923,1,0
2026-01-28T18:15:21,u11,ES,dev-11-b,/api/search,1612,1,0
2026-01-12T00:43:52,u08,NG,atk-2371,/api/profile,150,0,1
2026-01-22T12:44:55,u04,DE,dev-04-a,/api/documents,851,1,0
2026-01-07T17:14:22,u10,FR,dev-10-a,/api/documents,1288,1,0
2026-01-08T15:28:00,u12,ES,dev-12-a,/api/documents,2586,1,0
2026-01-26T20:33:55,u04,DE,dev-04-a,/api/documents/export,437252,1,1
2026-01-19T02:28:23,u14,DE,dev-14-a,/api/system/backup,23271,1,1
2026-01-15T08:27:00,u02,IE,dev-02-a,/api/profile,1436,1,0
2026-01-02T07:41:05,u14,BR,atk-1667,/api/search,150,0,1
2026-01-23T19:12:20,u12,ES,dev-12-b,/api/reports,2879,1,0
2026-01-28T19:37:23,u12,ES,dev-12-a,/api/config,59709,1,1
2026-01-14T15:42:21,u04,DE,dev-04-a,/api/documents,937,1,0
2026-01-11T02:36:59,u00,IE,dev-00-a,/api/orders,324,1,0
2026-01-17T11:55:58,u13,ES,dev-13-a,/api/orders,403,1,0
2026-01-20T08:45:07,u03,DE,dev-03-a,/api/documents/export,1735,1,0
2026-01-17T05:45:23,u08,IE,dev-08-b,/api/search,678,1,0
2026-01-26T21:17:26,u12,ES,dev-12-a,/api/reports,475,1,0
2026-01-19T15:10:00,u11,US,dev-11-b,/api/search,338,1,0
2026-01-30T22:49:39,u03,BR,atk-9180,/api/search,150,0,1
2026-01-20T13:42:23,u03,DE,dev-03-b,/api/search,1591,1,0
2026-01-11T14:58:44,u14,DE,dev-14-a,/api/profile,1182,1,0
2026-01-15T10:38:52,u07,IE,dev-07-b,/api/profile,1794,1,0
2026-01-20T09:50:36,u07,IE,dev-07-a,/api/config,800,1,1
2026-01-12T07:27:16,u13,ES,dev-13-a,/api/admin/users,3744,1,1
2026-01-04T00:51:02,u04,DE,dev-04-a,/api/profile,686,1,0
2026-01-20T12:09:45,u10,FR,dev-10-b,/api/search,564,1,0
2026-01-28T20:45:57,u11,US,dev-11-a,/api/orders,326,1,0
2026-01-10T08:22:19,u01,DE,dev-01-a,/api/search,953,1,0
2026-01-30T22:49:45,u03,BR,atk-9180,/api/orders,150,0,1
2026-01-08T21:40:07,u14,DE,dev-14-a,/api/profile,434,1,0
2026-01-02T14:04:55,u04,DE,dev-04-a,/api/search,168,1,1
2026-01-27T22:19:07,u12,ES,dev-12-a,/api/reports,3562,1,0
2026-01-10T11:06:02,u11,US,dev-11-b,/api/orders,3157,1,0
2026-01-13T15:14:39,u09,US,dev-09-a,/api/profile,1944,1,1
2026-01-13T00:56:27,u14,DE,dev-14-a,/api/profile,6052,1,0
2026-01-07T05:17:48,u06,IE,dev-06-a,/api/profile,1809,1,0
2026-01-03T18:57:51,u04,DE,dev-04-a,/api/search,807,1,0
2026-01-07T03:56:07,u04,DE,dev-04-a,/api/reports,1760,1,0
2026-01-13T06:30:01,u14,DE,dev-14-a,/api/reports,431,1,0
2026-01-15T20:12:30,u00,IE,dev-00-a,/api/orders,663,1,0
2026-01-02T07:41:03,u14,BR,atk-1667,/api/profile,150,0,1
2026-01-20T20:28:38,u00,US,dev-00-a,/api/system/backup,800,1,1
2026-01-15T17:40:29,u13,ES,dev-13-a,/api/orders,4092,1,0
2026-01-16T11:15:40,u11,RU,atk-7808,/api/search,150,0,1
2026-01-20T23:14:01,u03,DE,dev-03-b,/api/reports,339,1,0
2026-01-27T00:33:52,u03,DE,dev-03-b,/api/orders,451,1,0
2026-01-07T08:55:53,u07,IE,dev-07-a,/api/search,559,1,0
2026-01-22T13:53:53,u13,ES,dev-13-a,/api/documents,425,1,0
2026-01-31T05:43:00,u12,NG,atk-2756,/api/documents,150,0,1
2026-01-24T22:58:12,u00,IE,dev-00-a,/api/documents,645,1,0
2026-01-03T16:09:03,u02,IE,dev-02-a,/api/system/backup,5262,1,1
2026-01-06T01:25:11,u04,DE,dev-04-a,/api/documents/export,494,1,0
2026-01-28T00:41:56,u11,US,dev-11-a,/api/reports,2686,1,1
2026-01-21T16:42:01,u01,DE,dev-01-a,/api/profile,670,1,0
2026-01-20T23:43:50,u07,IE,dev-07-b,/api/orders,197,1,0
2026-01-03T10:53:30,u08,IE,dev-08-a,/api/search,4373,1,0
2026-01-27T03:20:44,u04,DE,dev-04-a,/api/orders,1113,1,0
2026-01-01T14:38:34,u00,IE,dev-00-a,/api/documents,341,1,0
2026-01-03T06:24:44,u08,IE,dev-08-a,/api/reports,4004,1,0
2026-01-07T12:56:59,u02,US,atk-tr-5582,/api/search,800,1,1
2026-01-06T04:21:55,u13,ES,dev-13-a,/api/reports,132,1,0
2026-01-05T08:53:16,u03,DE,dev-03-a,/api/profile,2200,1,0
2026-01-18T00:35:12,u02,IE,dev-02-a,/api/config,9413,1,0
2026-01-29T05:18:29,u07,IE,dev-07-b,/api/system/backup,249,1,0
2026-01-03T20:10:28,u10,FR,dev-10-a,/api/system/backup,59455,1,1
2026-01-02T10:08:14,u06,RU,atk-8576,/api/search,150,0,1
2026-01-26T04:18:20,u00,IE,dev-00-a,/api/profile,2874,1,1
2026-01-20T02:38:45,u11,US,dev-11-b,/api/profile,784,1,0
2026-01-11T03:14:06,u07,IE,dev-07-a,/api/reports,1332,1,0
2026-01-31T03:08:17,u03,DE,dev-03-b,/api/orders,365,1,0
2026-01-03T18:22:27,u02,US,atk-pe-8951,/api/config,800,1,1
2026-01-27T02:11:20,u06,IE,dev-06-a,/api/system/backup,1041,1,0
2026-01-03T05:42:28,u07,US,atk-pe-9665,/api/documents/export,800,1,1
2026-01-27T07:38:50,u14,DE,dev-14-a,/api/documents/export,639856,1,1
2026-01-23T18:46:25,u13,JP,atk-tr-8188,/api/orders,800,1,1
2026-01-03T03:27:56,u04,DE,dev-04-a,/api/reports,441,1,0
2026-01-23T17:57:16,u13,ES,dev-13-a,/api/system/backup,5426,1,1
2026-01-23T17:03:24,u03,DE,dev-03-a,/api/search,800,1,0
2026-01-12T09:00:29,u00,IE,dev-00-a,/api/documents/export,501744,1,1
2026-01-24T10:49:50,u03,DE,dev-03-b,/api/orders,1090,1,0
2026-01-11T21:19:51,u05,GB,dev-05-a,/api/admin/users,30629,1,1
2026-01-29T00:40:04,u00,US,atk-tr-5914,/api/search,800,1,1
2026-01-21T01:55:29,u13,ES,dev-13-a,/api/search,110,1,0
2026-01-04T11:55:54,u07,IE,dev-07-b,/api/profile,898,1,0
2026-01-26T19:18:52,u10,FR,dev-10-a,/api/reports,999,1,0
2026-01-26T09:08:39,u05,GB,dev-05-b,/api/profile,1131,1,0
2026-01-30T01:14:06,u10,FR,dev-10-a,/api/documents,344,1,0
2026-01-25T16:06:19,u12,BR,atk-6614,/api/profile,150,0,1
2026-01-29T17:57:55,u01,DE,atk-sh-9102,/api/search,227,1,1
2026-01-20T22:09:13,u11,US,dev-11-b,/api/documents,1863,1,0
2026-01-13T23:33:15,u01,DE,dev-01-a,/api/reports,393,1,0
2026-01-31T17:18:04,u12,ES,dev-12-a,/api/documents,420,1,0
2026-01-05T08:46:47,u10,AU,atk-tr-1375,/api/orders,800,1,1
2026-01-30T19:32:35,u08,IE,dev-08-b,/api/search,764,1,0
2026-01-06T00:04:14,u09,US,dev-09-a,/api/documents/export,567369,1,1
2026-01-15T01:44:22,u05,GB,dev-05-a,/api/documents,1232,1,0
2026-01-22T01:20:57,u07,DE,dev-07-b,/api/search,1279,1,0
2026-01-07T17:01:51,u00,IE,dev-00-a,/api/reports,873,1,1
2026-01-21T05:37:50,u13,ES,dev-13-a,/api/reports,1335,1,0
2026-01-06T01:15:19,u12,ES,dev-12-a,/api/orders,1464,1,0
2026-01-10T03:18:27,u10,FR,dev-10-a,/api/search,1275,1,0
2026-01-16T21:33:55,u00,IE,dev-00-a,/api/reports,400,1,0
2026-01-03T07:27:40,u05,GB,dev-05-b,/api/search,885,1,0
2026-01-15T21:53:51,u01,DE,dev-01-a,/api/documents,591,1,1
2026-01-30T00:08:49,u03,DE,dev-03-b,/api/documents/export,2325,1,0
2026-01-12T05:15:31,u04,DE,dev-04-a,/api/documents,4184,1,0
2026-01-17T18:38:42,u11,US,dev-11-b,/api/reports,467,1,0
2026-01-05T22:26:34,u08,IE,dev-08-a,/api/search,260,1,0
2026-01-29T16:07:09,u09,US,dev-09-b,/api/search,697,1,0
2026-01-06T19:38:52,u07,IE,dev-07-a,/api/search,1999,1,0
2026-01-23T06:18:39,u11,US,dev-11-b,/api/documents,1910,1,0
2026-01-05T13:09:19,u09,US,dev-09-b,/api/profile,1489,1,1
2026-01-03T11:37:37,u12,ES,dev-12-a,/api/documents,683,1,0
2026-01-20T13:06:26,u08,IE,dev-08-b,/api/profile,1911,1,0
2026-01-24T20:36:52,u11,US,dev-11-b,/api/search,1817,1,0
2026-01-22T17:11:12,u09,US,dev-09-a,/api/search,2396,1,0
2026-01-05T22:42:18,u00,IE,dev-00-a,/api/documents,2288,1,0
2026-01-29T16:24:28,u10,FR,dev-10-a,/api/search,1012,1,0
2026-01-14T08:56:14,u08,IE,dev-08-a,/api/reports,640,1,0
2026-01-10T20:23:26,u00,IE,dev-00-a,/api/profile,693,1,0
2026-01-18T07:32:07,u00,US,atk-tr-1768,/api/reports,800,1,1
2026-01-14T23:00:06,u11,US,dev-11-b,/api/profile,1324,1,0
2026-01-13T07:05:59,u03,DE,dev-03-a,/api/profile,4799,1,0
2026-01-10T18:08:47,u00,IE,dev-00-a,/api/profile,1833,1,0
2026-01-25T18:25:05,u00,IE,dev-00-a,/api/documents/export,159551,1,1
2026-01-08T10:16:00,u09,US,dev-09-a,/api/documents,814,1,0
2026-01-04T05:26:42,u01,IN,dev-01-a,/api/search,483,1,0
2026-01-10T03:29:02,u00,FR,dev-00-a,/api/documents,1220,1,0
2026-01-30T00:12:33,u13,ES,dev-13-a,/api/documents,784,1,0
2026-01-16T18:37:54,u12,ES,dev-12-b,/api/search,2323,1,1
2026-01-02T05:12:47,u05,GB,atk-sh-7287,/api/documents,1025,1,1
2026-01-17T10:02:54,u13,ES,dev-13-a,/api/profile,1184,1,1
2026-01-21T02:29:40,u08,IE,dev-08-a,/api/search,1969,1,0
2026-01-29T07:00:44,u03,NG,atk-1712,/api/reports,150,0,1
2026-01-01T15:28:58,u00,IE,dev-00-a,/api/profile,568,1,0
2026-01-08T22:54:39,u03,DE,dev-new-1248,/api/documents/export,258,1,0
2026-01-02T03:10:33,u02,IE,dev-02-a,/api/documents,13546,1,0
2026-01-09T05:49:19,u09,US,dev-09-a,/api/orders,2154,1,0
2026-01-13T12:41:26,u05,GB,dev-05-a,/api/reports,244,1,0
2026-01-24T19:34:45,u02,IE,dev-02-a,/api/search,5275,1,0
2026-01-25T22:08:57,u03,BR,atk-5074,/api/profile,150,0,1
2026-01-18T22:08:19,u12,ES,dev-12-a,/api/documents,1498,1,0
2026-01-02T21:29:33,u06,IE,dev-06-a,/api/orders,100,1,0
2026-01-29T13:11:49,u09,US,dev-09-b,/api/orders,2172,1,0
2026-01-30T01:30:12,u12,ES,dev-12-b,/api/documents,170,1,0
2026-01-07T18:18:46,u11,US,dev-11-a,/api/documents/export,259631,1,1
2026-01-26T23:49:00,u13,ES,dev-13-a,/api/documents,1773,1,1
2026-01-10T20:28:59,u14,DE,dev-new-1509,/api/profile,848,1,0
2026-01-16T06:07:33,u12,ES,dev-12-a,/api/search,100,1,0
2026-01-05T08:28:07,u00,IE,dev-00-a,/api/search,1616,1,0
2026-01-13T03:19:29,u02,IE,dev-02-a,/api/search,589,1,0
2026-01-30T13:29:53,u06,IE,dev-06-a,/api/profile,2505,1,0
2026-01-02T12:18:34,u07,IE,dev-07-b,/api/documents/export,541518,1,1
2026-01-24T12:42:03,u14,DE,dev-14-a,/api/reports,2341,1,0
2026-01-02T00:13:44,u01,DE,dev-01-a,/api/orders,612,1,0
2026-01-30T00:19:22,u12,ES,dev-12-b,/api/search,2098,1,0
2026-01-05T13:53:45,u11,US,atk-pe-1216,/api/config,800,1,1
2026-01-16T11:15:42,u11,RU,atk-7808,/api/search,150,0,1
2026-01-16T09:07:18,u11,US,dev-11-b,/api/search,959,1,1
2026-01-12T00:02:03,u08,IE,dev-08-a,/api/profile,606,1,0
2026-01-17T17:04:28,u03,DE,dev-03-a,/api/orders,816,1,0
2026-01-22T22:06:02,u00,IE,dev-00-a,/api/documents,2371,1,0
2026-01-09T08:33:15,u10,FR,dev-10-a,/api/orders,1236,1,0
2026-01-14T18:56:42,u09,US,atk-sh-1804,/api/search,2176,1,1
2026-01-21T22:09:52,u11,US,dev-11-b,/api/reports,2744,1,0
2026-01-15T03:27:25,u12,ES,dev-12-a,/api/profile,1060,1,0
2026-01-22T06:36:27,u02,RU,atk-7909,/api/profile,150,0,1
2026-01-04T01:00:29,u10,FR,dev-10-a,/api/reports,2269,1,0
2026-01-09T09:38:31,u10,FR,dev-10-a,/api/documents,346,1,1
2026-01-19T13:43:07,u07,IE,dev-07-b,/api/documents,976,1,0
2026-01-06T00:32:46,u01,DE,dev-01-a,/api/orders,678,1,1
2026-01-16T11:15:33,u11,RU,atk-7808,/api/search,150,0,1
2026-01-16T02:34:23,u14,DE,dev-14-a,/api/reports,2012,1,0
2026-01-21T06:22:20,u14,RU,atk-pe-1900,/api/config,800,1,1
2026-01-12T00:44:15,u08,NG,atk-2371,/api/reports,150,0,1
2026-01-23T06:13:49,u13,ES,dev-13-a,/api/documents,266,1,0
2026-01-17T11:03:54,u04,DE,dev-04-a,/api/search,786,1,0
2026-01-02T14:43:44,u13,FR,dev-13-a,/api/orders,8936,1,0
2026-01-04T13:29:28,u14,DE,dev-14-a,/api/documents,3069,1,0
2026-01-16T03:18:58,u13,ES,dev-13-a,/api/search,962,1,0
2026-01-30T22:50:01,u03,BR,atk-9180,/api/documents,150,0,1
2026-01-07T07:17:06,u08,IE,dev-08-b,/api/profile,830,1,0
2026-01-29T14:42:57,u14,DE,dev-14-a,/api/orders,1551,1,0
2026-01-06T10:19:57,u11,US,dev-11-a,/api/orders,1008,1,0
2026-01-01T23:30:34,u07,IE,dev-07-a,/api/search,2375,1,0
2026-01-30T17:46:35,u12,ES,dev-12-b,/api/orders,434,1,0
2026-01-08T03:50:05,u10,FR,dev-10-b,/api/documents,711,1,0
2026-01-17T10:23:50,u00,IE,dev-00-a,/api/orders,986,1,0
2026-01-23T19:49:32,u01,DE,dev-01-a,/api/profile,11615,1,0
2026-01-17T16:48:48,u14,DE,dev-14-a,/api/search,178,1,0
2026-01-29T07:00:56,u03,NG,atk-1712,/api/search,150,0,1
2026-01-31T05:42:59,u12,NG,atk-2756,/api/orders,150,0,1
2026-01-28T01:10:20,u04,DE,dev-04-a,/api/admin/users,2811,1,0
2026-01-11T11:07:42,u13,ES,dev-13-a,/api/search,589,1,0
2026-01-16T11:15:47,u11,RU,atk-7808,/api/orders,150,0,1
2026-01-08T01:56:32,u10,FR,dev-10-b,/api/search,3802,1,0
2026-01-04T12:39:01,u02,IE,dev-02-a,/api/search,1756,1,0
2026-01-02T10:08:16,u06,RU,atk-8576,/api/documents,150,0,1
2026-01-22T15:53:27,u06,IE,dev-06-a,/api/reports,3331,1,0
2026-01-12T10:47:42,u02,IE,dev-02-a,/api/documents,2967,1,0
2026-01-29T04:23:07,u00,IE,dev-00-a,/api/documents/export,41982,1,1
2026-01-14T18:27:21,u14,DE,dev-14-a,/api/orders,103,1,0
2026-01-29T20:33:03,u11,US,dev-11-a,/api/config,3119,1,0
2026-01-10T21:26:48,u14,DE,dev-14-a,/api/orders,258,1,0
2026-01-18T06:30:08,u06,IE,dev-06-a,/api/documents/export,453059,1,1
2026-01-25T14:15:20,u08,IE,dev-08-a,/api/documents,1918,1,0
2026-01-10T13:03:58,u13,ES,dev-13-a,/api/profile,1280,1,1
2026-01-07T05:32:28,u05,GB,dev-05-b,/api/search,2394,1,0
2026-01-26T15:39:10,u09,US,dev-new-9379,/api/search,573,1,0
2026-01-25T22:08:55,u03,BR,atk-5074,/api/orders,150,0,1
2026-01-18T04:54:35,u06,IE,dev-06-a,/api/documents/export,603332,1,1
2026-01-20T06:46:53,u11,US,dev-11-b,/api/reports,1474,1,0
2026-01-08T06:35:32,u08,IE,dev-08-b,/api/reports,584,1,1
2026-01-16T06:07:32,u04,DE,dev-04-a,/api/documents/export,2515,1,0
2026-01-07T02:18:52,u05,GB,dev-05-a,/api/reports,1848,1,0
2026-01-25T08:48:08,u13,ES,dev-13-a,/api/reports,1199,1,0
2026-01-04T13:39:34,u09,US,dev-09-a,/api/orders,2471,1,0
2026-01-16T11:15:45,u11,RU,atk-7808,/api/orders,150,0,1
2026-01-12T00:43:59,u08,NG,atk-2371,/api/reports,150,0,1
2026-01-14T11:42:31,u02,IE,dev-02-a,/api/config,493,1,0
2026-01-11T00:00:45,u06,IE,dev-06-b,/api/profile,500,1,0
2026-01-04T00:37:51,u14,DE,dev-14-a,/api/documents,1588,1,0
2026-01-29T19:58:11,u11,US,dev-11-b,/api/documents,1481,1,0
2026-01-11T00:41:09,u00,IE,dev-00-a,/api/documents,2842,1,0
2026-01-07T23:34:25,u02,IE,dev-02-a,/api/orders,4896,1,0
2026-01-26T17:57:13,u13,ES,dev-13-a,/api/search,751,1,0
2026-01-31T07:32:05,u13,ES,dev-13-a,/api/reports,427,1,0
2026-01-18T05:57:30,u09,US,dev-09-a,/api/documents,765,1,0
2026-01-23T08:42:08,u07,IE,dev-07-b,/api/profile,1624,1,0
2026-01-22T19:57:59,u08,IE,dev-08-b,/api/orders,562,1,0
2026-01-03T16:11:04,u06,IE,dev-06-a,/api/system/backup,1810,1,0
2026-01-17T15:52:24,u04,DE,dev-04-a,/api/profile,495,1,0
2026-01-09T20:55:24,u12,ES,dev-12-b,/api/documents/export,382,1,0
2026-01-31T14:46:30,u08,IE,dev-08-a,/api/orders,126,1,0
2026-01-30T02:12:53,u06,IE,dev-06-a,/api/reports,9753,1,0
2026-01-21T06:22:34,u02,IE,dev-new-2623,/api/orders,3735,1,0
2026-01-13T08:48:41,u09,US,dev-09-b,/api/search,2242,1,0
2026-01-31T11:54:44,u00,IE,dev-00-a,/api/search,1876,1,0
2026-01-09T14:14:19,u09,US,dev-09-a,/api/documents,12324,1,0
2026-01-12T10:14:24,u12,US,atk-tr-5263,/api/search,800,1,1
2026-01-06T17:17:11,u02,IE,dev-02-a,/api/search,3860,1,0
2026-01-04T13:41:14,u12,ES,dev-12-b,/api/documents,2420,1,0
2026-01-23T06:00:05,u02,IE,dev-02-a,/api/documents,403,1,0
2026-01-16T01:03:13,u00,IE,dev-00-a,/api/search,3029,1,0
2026-01-30T22:49:42,u03,BR,atk-9180,/api/search,150,0,1
2026-01-01T21:06:23,u01,DE,dev-01-a,/api/orders,392,1,0
2026-01-20T04:28:40,u04,ES,dev-04-a,/api/documents,2868,1,0
2026-01-27T10:26:43,u07,IE,dev-07-a,/api/profile,1819,1,0
2026-01-21T21:01:51,u04,DE,dev-new-3981,/api/profile,734,1,0
2026-01-14T03:39:54,u10,FR,dev-10-a,/api/reports,1346,1,0
2026-01-31T05:43:02,u12,NG,atk-2756,/api/orders,150,0,1
2026-01-11T01:20:42,u10,FR,dev-10-b,/api/orders,1276,1,0
2026-01-30T09:10:25,u04,DE,dev-04-a,/api/documents,675,1,0
2026-01-08T23:27:41,u04,DE,dev-04-a,/api/documents,2271,1,0
2026-01-21T14:23:00,u07,IE,dev-07-a,/api/profile,1383,1,0
2026-01-02T23:33:01,u14,RU,dev-14-a,/api/system/backup,800,1,1
2026-01-26T18:52:43,u05,GB,dev-05-a,/api/reports,2110,1,0
2026-01-23T21:40:32,u02,NG,atk-9891,/api/profile,150,0,1
2026-01-11T02:53:36,u01,DE,dev-01-a,/api/documents/export,678263,1,1
2026-01-16T10:01:00,u08,IE,dev-08-a,/api/reports,442,1,0
2026-01-25T16:06:07,u12,BR,atk-6614,/api/documents,150,0,1
2026-01-14T19:16:40,u00,IE,dev-00-a,/api/profile,996,1,0
2026-01-12T00:43:49,u08,NG,atk-2371,/api/reports,150,0,1
2026-01-04T04:18:39,u11,US,dev-11-b,/api/documents/export,818,1,0
2026-01-14T09:17:09,u09,US,dev-09-b,/api/orders,5008,1,0
2026-01-06T03:02:13,u11,US,dev-11-a,/api/documents,726,1,0
2026-01-28T10:58:41,u08,JP,atk-tr-7582,/api/search,800,1,1
2026-01-08T10:11:49,u13,ES,dev-13-a,/api/reports,351,1,0
2026-01-13T18:59:22,u06,IE,dev-06-b,/api/profile,1366,1,0
2026-01-22T09:44:17,u07,IE,dev-07-a,/api/documents/export,733530,1,1
2026-01-26T18:37:34,u08,IE,dev-08-b,/api/profile,3672,1,0
2026-01-21T19:44:12,u02,IE,dev-02-a,/api/search,1169,1,0
2026-01-14T03:17:33,u13,ES,dev-13-a,/api/documents,4470,1,0
2026-01-30T21:02:14,u11,US,dev-11-b,/api/search,1832,1,0
2026-01-21T23:24:05,u12,ES,dev-12-a,/api/documents,1077,1,0
2026-01-07T23:54:33,u09,US,dev-09-a,/api/documents/export,323829,1,1
2026-01-05T08:35:30,u09,US,dev-09-a,/api/search,1931,1,0
2026-01-22T06:36:37,u02,RU,atk-7909,/api/orders,150,0,1
2026-01-28T00:54:10,u01,DE,dev-01-a,/api/profile,503,1,0
2026-01-11T05:16:34,u10,FR,dev-10-b,/api/reports,417,1,1
2026-01-28T12:05:16,u12,ES,dev-12-b,/api/reports,535,1,0
2026-01-15T14:03:25,u13,ES,dev-13-a,/api/search,4921,1,1
2026-01-18T04:48:15,u10,FR,atk-sh-9071,/api/orders,1528,1,1
2026-01-22T11:56:47,u07,IE,dev-07-b,/api/profile,1017,1,0
2026-01-07T10:03:25,u04,DE,dev-04-a,/api/profile,378,1,0
2026-01-29T10:38:29,u10,FR,dev-10-a,/api/profile,686,1,0
2026-01-07T08:05:25,u10,FR,dev-10-b,/api/search,734,1,0
2026-01-14T23:05:23,u06,IE,dev-06-b,/api/search,1421,1,0
2026-01-16T22:52:58,u04,DE,dev-04-a,/api/profile,100,1,1
2026-01-26T22:31:36,u12,ES,dev-12-b,/api/profile,670,1,0
2026-02-01T08:55:13,u00,IE,dev-new-1370,/api/profile,1801,1,0
2026-01-12T01:28:00,u02,IE,dev-02-a,/api/search,683,1,0
2026-01-31T15:48:55,u03,DE,dev-03-a,/api/reports,955,1,0
2026-02-01T01:58:08,u05,GB,dev-05-a,/api/reports,1376,1,0
2026-01-17T05:34:20,u01,DE,dev-01-a,/api/admin/users,536,1,0
2026-01-06T19:16:25,u06,IE,dev-06-a,/api/documents,870,1,1
2026-01-06T20:46:05,u05,GB,dev-05-b,/api/documents,500,1,0
2026-01-10T16:46:55,u10,FR,dev-new-7609,/api/profile,560,1,0
2026-01-03T01:00:25,u13,ES,dev-13-a,/api/profile,1017,1,0
2026-01-29T07:00:53,u03,NG,atk-1712,/api/search,150,0,1
2026-01-10T19:52:51,u00,IE,dev-00-a,/api/orders,612,1,0
2026-01-17T17:33:48,u02,IE,dev-02-a,/api/search,683,1,0
2026-01-15T20:04:26,u03,DE,dev-03-b,/api/search,6484,1,0
2026-01-22T12:22:02,u14,DE,dev-14-a,/api/system/backup,29111,1,1
2026-01-03T08:40:29,u08,IE,dev-08-a,/api/config,23157,1,1
2026-01-26T20:30:38,u05,GB,dev-05-b,/api/orders,390,1,0
2026-01-18T22:09:20,u05,GB,dev-05-a,/api/reports,1506,1,0
2026-01-11T19:20:59,u08,IE,dev-08-b,/api/documents,450,1,0
2026-01-14T11:21:32,u09,US,dev-09-a,/api/search,710,1,0
2026-01-07T03:12:05,u00,IE,dev-00-a,/api/documents/export,800,1,1
2026-01-27T11:59:17,u05,GB,dev-05-a,/api/search,260,1,0
2026-01-10T13:44:24,u02,IE,dev-02-a,/api/search,346,1,0
2026-01-20T22:34:10,u02,IE,dev-02-a,/api/orders,887,1,0
2026-01-18T23:42:45,u07,IE,dev-07-b,/api/orders,393,1,0
2026-01-12T05:04:07,u07,IE,dev-07-b,/api/documents,7666,1,0
2026-01-05T21:00:21,u06,IE,dev-06-a,/api/profile,3246,1,0
2026-01-11T21:10:48,u01,DE,dev-01-a,/api/search,1627,1,0
2026-01-04T23:14:03,u01,RU,atk-pe-4814,/api/documents/export,800,1,1
2026-01-17T08:17:49,u08,IE,dev-08-b,/api/profile,1658,1,0
2026-01-22T09:14:38,u02,IE,dev-02-a,/api/documents,2389,1,0
2026-01-02T10:08:04,u06,RU,atk-8576,/api/reports,150,0,1
2026-01-03T01:57:36,u02,IE,dev-02-a,/api/reports,736,1,0
2026-01-30T06:43:01,u08,IE,dev-08-b,/api/profile,672,1,0
2026-01-03T21:45:47,u04,FR,dev-04-a,/api/reports,871,1,0
2026-01-02T01:46:42,u09,US,dev-09-b,/api/search,857,1,0
2026-01-31T09:43:51,u06,IE,dev-06-b,/api/search,2764,1,0
2026-01-04T16:38:04,u06,IE,dev-06-b,/api/search,925,1,0
2026-01-07T00:42:40,u12,ES,dev-12-b,/api/reports,2389,1,0
2026-01-02T20:45:45,u02,IE,dev-02-a,/api/profile,20000,1,1
2026-01-24T06:30:46,u09,US,dev-09-a,/api/orders,3043,1,0
2026-01-21T07:21:17,u05,GB,dev-05-b,/api/config,14453,1,1
2026-01-08T19:27:47,u04,DE,dev-04-a,/api/documents/export,13785,1,1
2026-01-19T09:14:29,u01,DE,dev-01-a,/api/reports,3385,1,0
2026-01-21T17:02:37,u14,DE,dev-14-a,/api/reports,1357,1,0
2026-01-31T13:16:42,u01,DE,dev-01-a,/api/profile,304,1,0
2026-01-16T05:55:35,u03,DE,dev-03-b,/api/orders,1789,1,0
2026-01-04T17:18:34,u11,US,dev-11-a,/api/documents,692,1,0
2026-01-04T15:27:54,u05,GB,dev-05-b,/api/documents/export,606339,1,1
2026-01-07T01:23:13,u03,DE,dev-03-b,/api/documents/export,234049,1,1
2026-01-14T20:35:04,u03,DE,dev-03-a,/api/profile,865,1,0
2026-01-24T13:39:18,u14,AU,atk-tr-9578,/api/profile,800,1,1
2026-01-13T04:56:48,u13,ES,dev-13-a,/api/documents,3649,1,0
2026-01-23T19:59:47,u08,IE,dev-08-a,/api/documents,2102,1,0
2026-01-22T17:38:02,u04,DE,dev-04-a,/api/profile,7549,1,0
2026-01-16T04:47:17,u12,RU,atk-pe-5806,/api/admin/users,800,1,1
2026-01-12T01:59:11,u07,IE,dev-07-a,/api/orders,387,1,1
2026-01-11T03:05:34,u00,IE,dev-00-a,/api/orders,100,1,0
2026-01-12T00:44:02,u08,NG,atk-2371,/api/orders,150,0,1
2026-01-17T17:52:19,u07,IE,atk-sh-4970,/api/reports,498,1,1
2026-01-03T12:16:06,u12,ES,atk-sh-7571,/api/profile,213,1,1
2026-01-04T05:39:04,u07,IE,dev-new-5108,/api/profile,10568,1,0
2026-01-02T16:10:28,u10,FR,dev-10-b,/api/search,16397,1,0
2026-01-15T17:43:04,u10,FR,dev-10-a,/api/reports,297,1,0
2026-01-06T14:46:07,u01,DE,dev-01-a,/api/orders,6665,1,0
2026-01-20T22:38:03,u09,US,dev-09-b,/api/documents,420,1,0
2026-01-02T08:34:03,u00,IE,dev-00-a,/api/documents,808,1,0
2026-01-18T05:20:25,u11,US,atk-sh-6353,/api/documents,3956,1,1
2026-01-21T13:04:22,u14,RU,atk-pe-7247,/api/config,800,1,1
2026-01-24T10:39:58,u14,DE,dev-14-a,/api/reports,546,1,0
2026-01-19T03:30:18,u10,FR,dev-10-a,/api/documents/export,2523,1,0
2026-01-29T04:06:56,u11,US,dev-11-a,/api/documents,3758,1,0
2026-01-21T12:27:08,u04,DE,dev-04-a,/api/orders,3206,1,0
2026-01-22T06:36:48,u02,RU,atk-7909,/api/documents,150,0,1
2026-01-02T10:08:07,u06,RU,atk-8576,/api/documents,150,0,1
2026-01-25T02:07:44,u11,US,dev-11-b,/api/documents/export,800,1,1
2026-01-23T02:48:33,u13,ES,dev-13-a,/api/search,1653,1,0
2026-01-09T02:14:27,u12,ES,dev-12-a,/api/reports,978,1,0
2026-01-15T13:53:10,u03,DE,dev-03-a,/api/profile,1876,1,0
2026-01-20T05:41:08,u03,DE,dev-03-a,/api/search,2800,1,0
2026-01-03T00:49:21,u14,DE,dev-14-a,/api/documents,1699,1,0
2026-01-16T04:40:15,u08,IE,dev-08-b,/api/profile,261,1,0
2026-01-29T06:45:54,u09,US,dev-09-a,/api/reports,706,1,0
2026-01-20T23:48:24,u01,RU,atk-5800,/api/documents,150,0,1
2026-01-20T16:59:15,u10,FR,dev-10-a,/api/documents/export,604817,1,1
2026-01-02T19:07:50,u05,GB,dev-05-a,/api/search,3719,1,1
2026-01-21T20:55:27,u05,GB,dev-05-a,/api/profile,626,1,0
2026-01-15T06:18:09,u02,IE,dev-02-a,/api/documents,1479,1,0
2026-01-21T23:28:31,u13,ES,dev-13-a,/api/orders,327,1,0
2026-01-22T16:27:56,u05,GB,dev-new-2819,/api/reports,599,1,0
2026-01-07T16:19:07,u09,US,dev-09-b,/api/profile,480,1,0
2026-01-25T16:23:07,u01,DE,dev-01-a,/api/reports,672,1,0
2026-01-17T07:13:38,u10,FR,dev-10-a,/api/admin/users,3710,1,0
2026-01-29T13:20:55,u01,DE,dev-01-a,/api/documents,1304,1,0
2026-01-12T21:46:26,u08,IE,dev-08-b,/api/documents,612,1,0
2026-01-12T20:57:53,u07,IE,dev-07-a,/api/search,1138,1,0
2026-01-21T07:02:26,u08,IE,dev-08-b,/api/orders,787,1,0
2026-01-18T14:02:57,u08,IE,dev-08-a,/api/search,7327,1,0
2026-01-15T01:21:25,u05,GB,dev-05-a,/api/search,595,1,0
2026-01-07T13:40:15,u08,IE,dev-08-a,/api/search,1369,1,0
2026-01-15T18:58:06,u12,ES,atk-pe-6018,/api/system/backup,800,1,1
2026-01-02T07:41:14,u14,BR,atk-1667,/api/documents,150,0,1
2026-01-17T05:47:21,u05,GB,dev-05-a,/api/orders,1541,1,0
2026-01-11T17:31:04,u14,DE,dev-14-a,/api/orders,2894,1,0
2026-01-27T20:24:14,u08,IE,dev-08-a,/api/reports,9051,1,0
2026-01-20T02:02:36,u10,FR,dev-10-b,/api/documents,2102,1,0
2026-01-16T14:25:20,u12,ES,dev-12-b,/api/profile,555,1,0
2026-01-05T15:30:09,u12,ES,dev-12-a,/api/search,4006,1,0
2026-01-08T09:32:43,u09,US,dev-09-b,/api/search,697,1,0
2026-01-07T00:33:19,u12,ES,dev-12-a,/api/documents/export,275286,1,1
2026-01-30T03:01:05,u12,ES,dev-12-b,/api/profile,100,1,0
2026-01-20T07:29:54,u03,AU,atk-tr-9495,/api/documents,800,1,1
2026-01-06T03:36:55,u09,US,dev-09-a,/api/reports,461,1,0
2026-01-22T22:22:16,u13,ES,dev-13-a,/api/search,2606,1,0
2026-01-28T07:49:16,u14,DE,dev-14-a,/api/search,449,1,0
2026-01-23T11:05:04,u14,DE,dev-14-a,/api/orders,2430,1,0
2026-01-06T02:16:56,u08,IE,dev-08-a,/api/profile,475,1,0
2026-01-25T03:18:36,u05,GB,dev-05-a,/api/orders,1146,1,0
2026-01-09T17:41:07,u12,ES,dev-12-b,/api/search,965,1,0
2026-01-07T07:03:00,u09,US,dev-09-b,/api/profile,156,1,0
2026-01-24T05:15:24,u06,IE,dev-06-a,/api/profile,274,1,0
2026-01-11T09:10:38,u12,ES,dev-12-b,/api/orders,307,1,0
2026-01-09T04:41:44,u14,DE,dev-14-a,/api/orders,6437,1,0
2026-01-14T04:34:47,u10,FR,dev-10-b,/api/orders,1380,1,0
2026-01-14T20:23:53,u11,US,dev-11-b,/api/documents,1148,1,0
2026-01-10T14:55:06,u11,US,dev-11-b,/api/profile,1125,1,0
2026-01-21T11:25:38,u05,GB,dev-05-a,/api/orders,2648,1,0
2026-01-23T10:44:00,u03,DE,dev-03-b,/api/documents,4960,1,0
2026-01-12T13:49:57,u01,DE,dev-01-a,/api/reports,1059,1,0
2026-01-07T11:23:23,u01,DE,dev-01-a,/api/profile,3172,1,0
2026-01-31T09:46:16,u10,FR,dev-10-b,/api/config,12823,1,1
2026-01-06T05:43:45,u05,GB,dev-05-a,/api/orders,295,1,0
2026-01-25T22:08:43,u03,BR,atk-5074,/api/orders,150,0,1
2026-01-21T22:10:21,u07,IE,dev-07-a,/api/search,1407,1,0
2026-01-05T17:16:01,u10,FR,dev-10-b,/api/search,2382,1,1
2026-01-07T19:49:00,u00,IE,dev-00-a,/api/documents,3019,1,0
2026-01-21T16:56:31,u13,ES,dev-13-a,/api/reports,1698,1,0
2026-01-04T07:15:42,u11,US,dev-11-a,/api/search,1207,1,0
2026-01-20T06:21:33,u04,DE,dev-04-a,/api/documents,1591,1,0
2026-01-05T05:02:47,u10,FR,dev-10-b,/api/search,852,1,0
2026-01-12T00:44:16,u08,NG,atk-2371,/api/documents,150,0,1
2026-01-14T03:55:09,u06,IE,dev-06-b,/api/search,1308,1,0
2026-01-28T19:52:31,u02,IE,dev-02-a,/api/orders,2258,1,0
2026-01-06T14:15:15,u03,DE,dev-03-a,/api/orders,412,1,0
2026-01-30T18:36:55,u06,IE,dev-06-b,/api/profile,3704,1,0
2026-01-14T16:26:37,u08,IE,atk-sh-1052,/api/documents,879,1,1
2026-01-25T12:43:26,u04,DE,dev-04-a,/api/reports,638,1,0
2026-01-17T11:50:49,u08,IE,dev-08-a,/api/search,951,1,0
2026-01-06T23:46:20,u13,ES,dev-13-a,/api/orders,1474,1,0
2026-01-08T04:17:33,u09,US,dev-09-b,/api/documents,590,1,0
2026-01-31T20:12:12,u08,IE,dev-08-b,/api/profile,3902,1,0
2026-01-27T07:31:34,u03,US,atk-pe-3309,/api/system/backup,800,1,1
2026-01-29T00:51:26,u00,IE,dev-new-2834,/api/documents,824,1,0
2026-01-07T04:17:14,u11,US,dev-11-b,/api/profile,4515,1,0
2026-01-19T12:07:32,u13,ES,dev-13-a,/api/admin/users,13467,1,1
2026-01-06T07:08:14,u04,ES,dev-new-2675,/api/profile,1288,1,0
2026-01-26T16:34:13,u13,US,atk-tr-7328,/api/documents,800,1,1
2026-01-26T02:36:19,u02,IE,dev-02-a,/api/search,1171,1,0
2026-01-27T03:27:52,u03,DE,dev-03-b,/api/search,1372,1,0
2026-01-22T03:04:29,u10,FR,dev-10-b,/api/search,1938,1,0
2026-01-10T17:29:47,u04,US,atk-pe-7070,/api/system/backup,800,1,1
2026-01-25T04:37:20,u11,US,dev-11-b,/api/reports,1081,1,0
2026-01-17T17:09:23,u10,FR,dev-10-b,/api/orders,192,1,0
2026-01-31T18:49:54,u10,FR,dev-10-b,/api/search,964,1,0
2026-01-18T19:00:20,u08,IE,dev-08-a,/api/search,2718,1,0
2026-01-14T18:58:05,u08,IE,dev-08-b,/api/reports,4210,1,0
2026-01-12T08:45:21,u05,GB,dev-05-b,/api/documents,618,1,0
2026-01-12T03:09:38,u01,DE,dev-01-a,/api/profile,671,1,0
2026-01-18T17:52:27,u07,IE,dev-07-a,/api/system/backup,245,1,0
2026-01-25T22:08:45,u03,BR,atk-5074,/api/documents,150,0,1
2026-01-30T22:49:55,u03,BR,atk-9180,/api/profile,150,0,1
2026-01-03T12:05:57,u10,FR,dev-10-a,/api/reports,355,1,1
2026-01-05T12:04:47,u06,IE,dev-06-a,/api/reports,761,1,0
2026-01-25T09:17:08,u05,GB,dev-05-a,/api/search,1045,1,0
2026-01-13T15:57:49,u11,US,dev-11-b,/api/reports,729,1,0
2026-01-27T15:08:20,u09,US,dev-09-b,/api/search,721,1,0
2026-01-24T12:38:32,u06,IE,dev-06-b,/api/config,20821,1,1
2026-01-31T19:34:43,u09,US,dev-09-b,/api/profile,986,1,0
2026-01-22T06:26:04,u06,IE,dev-06-a,/api/search,946,1,0
2026-01-14T19:52:31,u10,FR,dev-10-a,/api/search,2313,1,0
2026-01-02T10:08:20,u06,RU,atk-8576,/api/orders,150,0,1
2026-01-11T19:19:53,u14,DE,atk-sh-1489,/api/orders,1797,1,1
2026-01-16T20:41:13,u00,IE,dev-00-a,/api/profile,2543,1,0
2026-01-30T12:24:42,u08,IE,dev-08-b,/api/search,2080,1,0
2026-01-18T09:08:53,u13,ES,dev-13-a,/api/search,386,1,0
2026-01-30T18:52:27,u01,DE,dev-01-a,/api/profile,934,1,0
2026-01-04T12:56:10,u14,DE,dev-14-a,/api/documents,194,1,0
2026-01-30T22:49:44,u03,BR,atk-9180,/api/reports,150,0,1
2026-01-10T10:10:24,u13,ES,dev-13-a,/api/documents,6223,1,0
2026-01-10T23:22:19,u03,DE,dev-03-b,/api/search,3538,1,0
2026-01-14T08:44:38,u04,DE,dev-04-a,/api/profile,793,1,0
2026-01-12T11:34:48,u12,ES,dev-12-b,/api/reports,551,1,0
2026-01-28T05:55:15,u04,DE,dev-04-a,/api/profile,460,1,0
2026-01-21T04:59:47,u12,ES,dev-12-a,/api/profile,1317,1,0
2026-01-19T14:45:55,u00,IE,dev-00-a,/api/search,5841,1,0
2026-01-09T02:57:29,u13,ES,dev-13-a,/api/search,3887,1,0
2026-01-13T11:08:36,u09,US,dev-09-b,/api/documents,2301,1,0
2026-01-08T08:15:38,u00,IE,dev-00-a,/api/reports,256,1,0
2026-01-26T18:41:15,u02,IE,dev-02-a,/api/documents,1436,1,0
2026-01-29T11:09:48,u09,US,dev-new-9288,/api/orders,2230,1,0
2026-01-29T09:59:39,u02,IE,dev-new-3118,/api/orders,361,1,0
2026-01-25T22:29:26,u07,US,atk-pe-1496,/api/system/backup,800,1,1
2026-01-13T23:34:15,u03,DE,dev-03-a,/api/documents,2764,1,0
2026-01-02T00:11:41,u00,IE,dev-00-a,/api/orders,255,1,0
2026-01-28T05:25:50,u07,IE,dev-07-a,/api/orders,4654,1,1
2026-01-24T05:07:28,u14,US,atk-tr-4880,/api/search,800,1,1
2026-01-12T04:39:25,u08,IE,dev-08-b,/api/admin/users,7148,1,0
2026-01-22T06:36:50,u02,RU,atk-7909,/api/orders,150,0,1
2026-01-15T06:40:08,u03,DE,dev-03-a,/api/search,1288,1,0
2026-01-12T02:58:08,u08,IE,dev-08-a,/api/system/backup,895,1,0
2026-01-25T16:06:16,u12,BR,atk-6614,/api/search,150,0,1
2026-01-11T16:11:41,u00,IN,dev-00-a,/api/documents,502,1,0
2026-01-27T08:56:01,u10,FR,dev-10-a,/api/profile,191,1,0
2026-01-24T06:59:07,u09,US,dev-09-b,/api/documents,880,1,0
2026-01-14T22:43:13,u11,US,atk-sh-6307,/api/orders,1341,1,1
2026-01-16T03:24:58,u10,FR,dev-10-b,/api/orders,373,1,0
2026-01-31T09:36:10,u10,FR,dev-10-b,/api/reports,205,1,0
2026-01-11T09:26:11,u00,IE,dev-00-a,/api/documents/export,411354,1,1
2026-01-13T00:13:55,u05,GB,dev-05-b,/api/orders,349,1,0
2026-01-06T21:13:25,u07,IE,dev-07-b,/api/documents,4216,1,0
2026-01-29T12:57:24,u13,ES,dev-13-a,/api/reports,9651,1,0
2026-01-03T06:23:39,u14,DE,dev-14-a,/api/profile,12661,1,0
2026-01-05T13:23:57,u01,DE,dev-01-a,/api/documents,982,1,0
2026-01-11T16:43:40,u09,US,dev-09-b,/api/documents/export,107689,1,1
2026-01-15T23:23:14,u00,IE,dev-00-a,/api/documents,467,1,0
2026-01-30T01:11:47,u06,IE,dev-06-a,/api/profile,902,1,0
2026-01-13T11:25:48,u11,US,dev-11-a,/api/search,1015,1,0
2026-01-23T07:23:36,u07,IE,dev-07-b,/api/reports,1869,1,0
2026-01-02T15:20:00,u06,IE,dev-06-b,/api/orders,610,1,0
2026-01-04T23:38:23,u02,IE,dev-02-a,/api/search,20000,1,0
2026-01-20T15:45:18,u04,DE,dev-04-a,/api/profile,1622,1,0
2026-01-20T03:16:19,u06,IE,dev-06-b,/api/search,3190,1,0
2026-01-23T19:22:53,u08,IE,dev-08-a,/api/orders,651,1,0
2026-01-27T23:27:21,u02,IE,dev-02-a,/api/profile,2211,1,1
2026-01-22T07:01:33,u10,FR,atk-sh-7275,/api/reports,1467,1,1
2026-01-13T06:34:42,u03,DE,dev-03-b,/api/search,361,1,0
2026-01-15T18:24:41,u09,US,dev-09-a,/api/reports,1040,1,0
2026-01-28T14:14:38,u00,IE,dev-00-a,/api/reports,922,1,0
2026-01-05T18:54:34,u04,DE,dev-04-a,/api/orders,2303,1,0
2026-01-19T08:14:36,u08,IE,dev-08-a,/api/profile,534,1,0
2026-01-16T00:09:16,u03,DE,dev-03-a,/api/documents,907,1,0
2026-02-01T05:21:41,u11,US,dev-11-a,/api/reports,749,1,0
2026-01-16T11:15:46,u11,RU,atk-7808,/api/profile,150,0,1
2026-01-10T19:48:30,u01,DE,dev-01-a,/api/system/backup,1551,1,0
2026-01-11T15:18:11,u04,DE,dev-04-a,/api/orders,1377,1,0
2026-01-04T17:57:05,u10,FR,dev-10-b,/api/search,936,1,1
2026-01-02T10:08:29,u06,RU,atk-8576,/api/documents,150,0,1
2026-01-05T11:25:28,u05,GB,atk-sh-9615,/api/orders,1835,1,1
2026-01-17T03:02:37,u00,IE,dev-00-a,/api/documents,216,1,0
2026-01-03T03:36:56,u04,DE,dev-04-a,/api/search,434,1,0
2026-01-12T06:27:26,u12,ES,dev-12-b,/api/documents,5737,1,0
2026-01-24T17:39:31,u10,FR,dev-new-2230,/api/orders,4629,1,0
2026-01-20T17:58:52,u00,IE,dev-00-a,/api/profile,4265,1,0
2026-01-22T17:02:10,u01,DE,dev-01-a,/api/config,2004,1,0
2026-01-21T14:35:27,u01,DE,dev-01-a,/api/orders,1872,1,0
2026-01-06T08:13:05,u14,DE,dev-14-a,/api/documents,257,1,0
2026-01-19T22:15:22,u08,IE,dev-08-b,/api/reports,1977,1,0
2026-01-23T21:40:41,u02,NG,atk-9891,/api/documents,150,0,1
2026-01-21T21:43:00,u10,FR,dev-10-b,/api/documents,847,1,0
2026-01-13T21:49:23,u00,IE,dev-00-a,/api/orders,1188,1,0
2026-01-09T18:47:47,u06,IE,dev-06-b,/api/search,1962,1,0
2026-01-28T10:19:47,u00,IE,dev-00-a,/api/reports,2094,1,0
2026-01-16T16:51:56,u02,IE,dev-02-a,/api/documents,533,1,0
2026-01-30T10:34:12,u02,IE,dev-02-a,/api/search,154,1,0
2026-01-30T05:44:16,u06,RU,dev-06-a,/api/config,800,1,1
2026-01-05T22:03:02,u03,DE,dev-03-a,/api/orders,535,1,0
2026-01-23T21:15:38,u03,US,atk-tr-7939,/api/profile,800,1,1
2026-01-23T21:40:36,u02,NG,atk-9891,/api/profile,150,0,1
2026-01-26T18:52:44,u07,IE,dev-07-a,/api/search,244,1,0
2026-01-28T07:05:29,u05,GB,dev-05-b,/api/documents,1122,1,0
2026-01-10T17:12:40,u05,GB,dev-05-b,/api/documents,348,1,0
2026-01-22T08:46:13,u03,DE,dev-03-a,/api/search,1057,1,0
2026-01-20T05:09:42,u05,GB,dev-05-b,/api/search,12908,1,0
2026-01-23T07:49:58,u08,IE,atk-pe-8200,/api/admin/users,800,1,1
2026-01-20T14:42:55,u11,US,dev-11-b,/api/profile,100,1,0
2026-01-06T17:44:10,u05,GB,dev-05-b,/api/orders,14621,1,0
2026-01-27T01:23:15,u00,IE,dev-00-a,/api/reports,644,1,0
2026-01-22T19:41:17,u12,ES,dev-12-b,/api/config,686,1,0
2026-01-19T03:48:58,u06,IE,dev-06-a,/api/documents,2209,1,0
2026-01-20T16:09:39,u12,ES,dev-12-b,/api/search,440,1,0
2026-01-28T15:43:12,u01,DE,dev-01-a,/api/orders,391,1,0
2026-01-07T12:19:00,u07,IE,dev-07-b,/api/orders,13898,1,0
2026-01-08T10:32:30,u08,IE,dev-08-b,/api/orders,183,1,0
2026-01-21T12:06:59,u03,DE,dev-03-a,/api/documents,246,1,1
2026-01-29T11:15:14,u08,IE,dev-08-a,/api/admin/users,838,1,0
2026-01-21T10:48:59,u10,FR,dev-new-8460,/api/documents,2195,1,0
2026-01-29T07:00:20,u08,IE,dev-08-a,/api/search,414,1,0
2026-01-24T05:21:24,u12,ES,dev-12-b,/api/reports,867,1,0
2026-01-29T10:48:52,u03,DE,dev-03-b,/api/documents,774,1,0
2026-01-08T04:37:33,u10,FR,dev-10-a,/api/documents,163,1,0
2026-01-10T01:10:31,u06,FR,dev-06-b,/api/search,1591,1,0
2026-01-16T12:50:45,u10,FR,dev-10-a,/api/documents,535,1,0
2026-01-17T11:54:00,u13,ES,dev-13-a,/api/orders,1614,1,0
2026-01-05T05:38:44,u04,DE,dev-04-a,/api/profile,622,1,0
2026-01-09T17:22:50,u09,US,dev-09-b,/api/search,805,1,0
2026-01-06T03:42:27,u03,DE,dev-03-a,/api/reports,838,1,0
2026-01-29T22:15:07,u06,IE,dev-06-a,/api/orders,2310,1,0
2026-01-15T21:41:31,u12,ES,dev-12-b,/api/system/backup,1012,1,0
2026-01-11T06:52:15,u06,IE,dev-06-b,/api/profile,2790,1,0
2026-01-04T03:38:52,u03,DE,dev-03-b,/api/documents,2281,1,0
2026-01-02T10:08:22,u06,RU,atk-8576,/api/documents,150,0,1
2026-01-18T20:36:58,u13,ES,dev-13-a,/api/reports,3921,1,0
2026-01-25T22:08:39,u03,BR,atk-5074,/api/reports,150,0,1
2026-01-26T00:01:54,u08,IE,dev-new-4521,/api/documents,571,1,0
2026-01-11T09:04:46,u06,IE,dev-06-b,/api/profile,1649,1,0
2026-01-09T14:51:24,u05,GB,dev-05-a,/api/documents/export,375351,1,1
2026-01-30T06:15:13,u12,ES,dev-12-a,/api/admin/users,229,1,0
2026-01-03T07:58:37,u06,AU,atk-tr-1096,/api/reports,800,1,1
2026-01-03T15:21:59,u02,IE,dev-02-a,/api/profile,2320,1,0
2026-01-17T18:22:59,u02,IE,dev-02-a,/api/documents,307,1,0
2026-01-11T18:48:23,u04,DE,dev-04-a,/api/documents,931,1,0
2026-01-20T09:07:40,u13,ES,dev-13-a,/api/orders,417,1,0
2026-01-06T07:22:37,u02,IE,atk-sh-9616,/api/profile,1144,1,1
2026-01-29T09:14:23,u03,DE,dev-03-a,/api/orders,9350,1,0
2026-01-31T05:49:42,u02,IE,dev-02-a,/api/search,3317,1,0
2026-01-28T09:57:23,u14,DE,dev-14-a,/api/orders,2022,1,0
2026-01-14T04:09:25,u07,IE,dev-07-b,/api/documents/export,13134,1,1
2026-01-26T04:39:24,u05,GB,dev-05-b,/api/reports,1041,1,0
2026-01-20T08:38:03,u02,IE,dev-02-a,/api/profile,1136,1,0
2026-01-13T01:34:56,u04,DE,dev-04-a,/api/orders,828,1,0
2026-01-05T21:52:59,u11,US,dev-11-b,/api/search,1764,1,0
2026-01-24T16:45:01,u03,DE,dev-03-b,/api/search,172,1,0
2026-01-22T06:36:47,u02,RU,atk-7909,/api/documents,150,0,1
2026-01-24T14:52:24,u13,ES,dev-13-a,/api/search,1326,1,0
2026-01-30T13:17:46,u07,IE,dev-07-b,/api/profile,1020,1,0
2026-01-31T05:42:56,u12,NG,atk-2756,/api/documents,150,0,1
2026-01-27T23:54:41,u08,IE,dev-08-a,/api/reports,546,1,0
2026-01-23T12:11:00,u11,US,dev-11-a,/api/profile,3749,1,0
2026-01-10T17:30:26,u00,IE,dev-00-a,/api/config,18863,1,1
2026-01-05T06:06:40,u04,DE,dev-04-a,/api/orders,532,1,0
2026-01-20T18:38:44,u11,US,dev-11-b,/api/system/backup,3733,1,0
2026-01-05T04:50:46,u08,IE,dev-08-a,/api/profile,529,1,0
2026-01-22T06:36:45,u02,RU,atk-7909,/api/search,150,0,1
2026-01-30T20:33:57,u04,DE,dev-04-a,/api/orders,218,1,0
2026-01-17T04:54:05,u08,IE,dev-08-b,/api/reports,164,1,0
2026-01-07T10:10:06,u01,DE,dev-01-a,/api/profile,997,1,0
2026-01-29T13:02:39,u06,IE,dev-06-b,/api/orders,414,1,0
2026-01-30T22:49:47,u03,BR,atk-9180,/api/search,150,0,1
2026-01-20T21:39:42,u11,US,dev-11-a,/api/documents,2333,1,0
2026-01-15T23:10:00,u03,DE,dev-03-b,/api/system/backup,2029,1,1
2026-01-24T15:15:29,u10,FR,dev-10-a,/api/profile,2011,1,0
2026-01-08T13:22:24,u11,US,dev-11-b,/api/documents,1902,1,0
2026-01-27T18:45:44,u00,IE,dev-00-a,/api/documents,388,1,0
2026-01-22T20:51:14,u13,ES,dev-13-a,/api/profile,630,1,0
2026-01-17T09:09:48,u12,ES,dev-12-a,/api/documents,921,1,0
2026-01-16T18:51:46,u03,DE,dev-03-b,/api/profile,446,1,0
2026-01-14T17:37:16,u01,DE,dev-01-a,/api/profile,316,1,0
2026-01-20T00:37:47,u08,IE,dev-08-a,/api/orders,2640,1,0
2026-01-06T00:06:48,u14,DE,dev-14-a,/api/orders,4875,1,0
2026-02-01T00:55:45,u10,FR,dev-10-b,/api/search,507,1,0
2026-01-02T10:58:07,u02,IE,dev-02-a,/api/reports,541,1,0
2026-01-13T22:54:27,u07,IE,dev-07-a,/api/profile,4034,1,0
2026-01-26T04:11:00,u04,DE,dev-04-a,/api/orders,242,1,0
2026-01-21T09:59:33,u07,IE,dev-07-a,/api/search,586,1,0
2026-01-12T00:43:54,u08,NG,atk-2371,/api/orders,150,0,1
2026-01-23T21:40:28,u02,NG,atk-9891,/api/reports,150,0,1
2026-01-17T16:32:20,u08,IE,dev-08-b,/api/reports,1518,1,0
2026-01-23T21:40:40,u02,NG,atk-9891,/api/orders,150,0,1
2026-01-02T04:57:51,u04,DE,dev-04-a,/api/reports,1569,1,0
2026-01-25T20:39:46,u00,IE,dev-00-a,/api/profile,439,1,0
2026-01-27T07:10:20,u13,ES,dev-13-a,/api/reports,385,1,0
2026-01-12T03:04:02,u01,DE,dev-01-a,/api/reports,2445,1,0
2026-01-02T10:08:28,u06,RU,atk-8576,/api/reports,150,0,1
2026-01-18T01:21:52,u04,DE,dev-04-a,/api/orders,795,1,0
2026-01-24T03:15:28,u09,US,dev-09-a,/api/documents/export,3311,1,0
2026-01-29T01:50:27,u13,ES,dev-13-a,/api/profile,5038,1,0
2026-01-25T05:38:17,u08,IE,dev-new-7814,/api/reports,1739,1,0
2026-01-28T18:32:44,u10,FR,dev-10-b,/api/orders,3874,1,0
2026-01-20T20:38:57,u06,US,atk-tr-9092,/api/orders,800,1,1
2026-01-30T02:37:17,u12,ES,dev-12-a,/api/orders,5635,1,0
2026-01-16T22:28:07,u13,ES,dev-13-a,/api/config,54293,1,1
2026-01-04T12:25:09,u14,DE,dev-14-a,/api/profile,866,1,0
2026-01-31T10:39:59,u06,IE,dev-06-a,/api/profile,182,1,0
2026-01-19T00:20:27,u09,US,dev-09-b,/api/documents,1269,1,0
2026-01-24T06:01:15,u00,IE,dev-00-a,/api/search,849,1,0
2026-01-23T20:34:06,u03,DE,dev-03-b,/api/documents,324,1,0
2026-01-20T10:39:34,u05,GB,dev-05-a,/api/search,2624,1,0
2026-01-12T07:19:17,u11,US,dev-11-b,/api/reports,2659,1,0
2026-01-25T23:09:29,u08,IE,dev-08-b,/api/profile,805,1,0
2026-01-23T21:40:45,u02,NG,atk-9891,/api/reports,150,0,1
2026-01-12T07:48:35,u05,GB,dev-05-b,/api/profile,293,1,0
2026-01-28T11:51:10,u00,IE,dev-00-a,/api/profile,426,1,0
2026-01-08T23:10:41,u00,IE,dev-00-a,/api/profile,141,1,0
2026-01-23T21:40:27,u02,NG,atk-9891,/api/reports,150,0,1
2026-01-16T14:59:09,u05,GB,dev-05-b,/api/documents,323,1,0
2026-01-05T21:21:00,u01,DE,dev-01-a,/api/orders,587,1,0
2026-01-11T12:00:10,u06,IE,dev-06-a,/api/search,1486,1,0
2026-01-12T19:25:41,u01,DE,dev-01-a,/api/orders,3352,1,1
2026-01-10T13:36:03,u13,ES,dev-13-a,/api/orders,4356,1,0
2026-01-07T08:59:07,u13,ES,dev-13-a,/api/orders,2177,1,0
2026-01-15T03:05:46,u13,ES,dev-13-a,/api/system/backup,688,1,0
2026-01-24T20:40:54,u02,JP,atk-tr-4121,/api/orders,800,1,1
2026-01-15T19:36:50,u11,JP,atk-tr-2614,/api/documents,800,1,1
2026-01-29T07:00:45,u03,NG,atk-1712,/api/reports,150,0,1
2026-01-11T12:33:20,u10,FR,dev-10-b,/api/orders,1026,1,0
2026-01-05T12:19:02,u13,ES,dev-13-a,/api/documents,3543,1,0
2026-01-21T06:13:03,u07,IE,dev-07-a,/api/search,893,1,0
2026-01-31T10:38:16,u06,IE,dev-06-a,/api/documents,840,1,0
2026-01-30T03:45:46,u12,ES,dev-12-a,/api/reports,493,1,0
2026-01-24T22:05:16,u03,DE,dev-03-b,/api/orders,260,1,0
2026-01-12T22:11:11,u06,AU,atk-tr-7107,/api/search,800,1,1
2026-01-02T17:32:08,u14,DE,dev-14-a,/api/reports,1073,1,0
2026-01-05T15:45:27,u03,DE,dev-03-b,/api/orders,3384,1,0
2026-01-04T21:05:57,u00,IE,atk-sh-9796,/api/documents,326,1,1
2026-01-12T00:44:01,u08,NG,atk-2371,/api/search,150,0,1
2026-01-10T23:43:16,u04,DE,dev-04-a,/api/reports,240,1,0
2026-01-24T20:52:54,u02,IE,dev-02-a,/api/documents,1089,1,0
2026-01-21T12:00:01,u10,FR,dev-10-b,/api/documents/export,782367,1,1
2026-01-26T19:48:57,u13,ES,dev-13-a,/api/search,943,1,0
2026-01-12T07:47:59,u07,IE,dev-07-b,/api/documents,1882,1,0
2026-01-07T22:01:16,u10,FR,dev-10-b,/api/documents,1639,1,0
2026-01-24T16:45:30,u03,RU,atk-pe-3970,/api/documents/export,800,1,1
2026-01-10T17:55:33,u03,DE,dev-03-a,/api/documents,1391,1,0
2026-01-20T09:01:22,u14,DE,dev-14-a,/api/documents/export,120263,1,1
2026-01-22T10:13:39,u03,US,dev-03-b,/api/config,800,1,1
2026-01-05T04:01:48,u11,US,dev-11-a,/api/reports,971,1,0
2026-01-25T04:24:39,u04,DE,dev-new-1573,/api/profile,315,1,0
2026-01-20T09:54:47,u08,IE,dev-08-b,/api/search,1447,1,0
2026-01-04T13:12:59,u14,DE,dev-14-a,/api/documents,725,1,0
2026-01-19T09:53:16,u02,IE,dev-02-a,/api/search,3444,1,0
2026-01-26T18:25:03,u07,IE,dev-07-b,/api/profile,168,1,0
2026-01-07T00:51:47,u01,AU,atk-tr-7744,/api/reports,800,1,1
2026-01-30T01:50:39,u12,ES,dev-12-b,/api/reports,548,1,1
2026-01-26T08:48:30,u14,DE,dev-14-a,/api/documents,692,1,0
2026-01-08T01:35:39,u07,JP,atk-tr-5942,/api/reports,800,1,1
2026-01-10T21:33:42,u10,FR,dev-10-a,/api/profile,923,1,0
2026-01-07T01:24:15,u09,US,dev-09-b,/api/documents/export,666100,1,1
2026-01-05T05:46:21,u02,IE,dev-02-a,/api/search,1677,1,0
2026-01-14T18:45:38,u04,DE,dev-04-a,/api/search,929,1,0
2026-01-19T12:16:33,u09,US,dev-09-b,/api/documents,4500,1,0
2026-01-22T09:52:40,u03,DE,dev-03-a,/api/documents/export,243010,1,1
2026-01-04T11:57:58,u14,DE,dev-14-a,/api/admin/users,396,1,0
2026-01-16T11:15:38,u11,RU,atk-7808,/api/documents,150,0,1
2026-01-09T20:43:29,u06,IE,dev-06-a,/api/documents,765,1,0
2026-01-07T18:04:50,u09,US,dev-09-b,/api/reports,501,1,0
2026-01-12T05:12:53,u14,DE,dev-14-a,/api/profile,689,1,1
2026-01-02T22:28:18,u11,US,dev-11-a,/api/documents,806,1,1
2026-01-13T15:46:33,u13,ES,dev-13-a,/api/reports,1061,1,0
2026-01-04T07:14:18,u06,IE,dev-06-a,/api/search,1127,1,0
2026-01-09T09:51:55,u10,FR,dev-10-b,/api/reports,4307,1,0
2026-01-03T09:51:10,u13,ES,dev-13-a,/api/search,1894,1,0
2026-01-19T13:28:49,u00,IE,dev-00-a,/api/documents,447,1,0
2026-01-17T16:48:05,u05,RU,dev-05-b,/api/config,800,1,1
2026-01-21T06:45:29,u09,RU,atk-pe-4858,/api/documents/export,800,1,1
2026-01-22T09:04:56,u04,DE,dev-04-a,/api/documents,2127,1,0
2026-01-21T02:39:23,u11,US,dev-11-b,/api/orders,463,1,0
2026-01-23T11:23:19,u08,IE,dev-08-b,/api/profile,2342,1,0
2026-01-02T20:37:36,u14,DE,dev-14-a,/api/search,636,1,0
2026-01-21T01:31:11,u12,ES,dev-12-b,/api/reports,675,1,0
2026-01-04T10:23:02,u10,FR,dev-10-b,/api/orders,2972,1,0
2026-01-20T11:16:27,u12,RU,dev-12-a,/api/system/backup,800,1,1
2026-01-12T15:38:09,u07,IE,dev-07-a,/api/orders,8061,1,1
2026-01-24T12:34:48,u05,GB,atk-pe-4533,/api/documents/export,800,1,1
2026-01-12T01:55:19,u08,IE,dev-08-b,/api/documents,224,1,0
2026-01-24T20:40:21,u06,IE,dev-06-b,/api/documents,529,1,0
2026-01-10T12:55:56,u14,DE,dev-14-a,/api/reports,697,1,0
2026-01-22T01:47:51,u14,DE,dev-14-a,/api/orders,3851,1,0
2026-01-22T06:36:43,u02,RU,atk-7909,/api/search,150,0,1
2026-01-07T08:11:58,u10,FR,dev-10-a,/api/orders,328,1,0
2026-01-31T08:08:07,u05,GB,dev-05-a,/api/documents,1785,1,0
2026-01-21T23:54:34,u01,DE,dev-01-a,/api/orders,2585,1,0
2026-01-25T06:18:29,u14,DE,dev-14-a,/api/documents,1277,1,0
2026-01-07T11:30:39,u12,ES,dev-12-a,/api/documents/export,712821,1,1
2026-01-14T19:28:17,u13,ES,dev-13-a,/api/reports,3706,1,0
2026-01-09T21:19:28,u02,IE,dev-02-a,/api/documents,157,1,0
2026-01-16T11:15:41,u11,RU,atk-7808,/api/orders,150,0,1
2026-01-19T14:19:12,u05,GB,dev-05-a,/api/reports,559,1,0
2026-01-27T04:29:59,u07,IE,dev-07-b,/api/documents,208,1,0
2026-01-27T21:41:57,u10,FR,dev-10-b,/api/search,680,1,0
2026-01-31T00:50:45,u12,ES,dev-12-b,/api/documents,324,1,0
2026-01-22T06:36:34,u02,RU,atk-7909,/api/reports,150,0,1
2026-01-28T09:41:38,u00,IE,dev-00-a,/api/reports,896,1,0
2026-01-15T23:48:07,u01,DE,dev-new-4024,/api/admin/users,408,1,0
2026-01-25T16:06:20,u12,BR,atk-6614,/api/orders,150,0,1
2026-01-25T15:23:54,u06,IE,dev-06-b,/api/orders,777,1,0
2026-01-11T12:35:34,u04,DE,dev-04-a,/api/search,5914,1,0
2026-01-05T04:12:17,u05,GB,dev-05-a,/api/profile,4216,1,0
2026-01-05T03:08:04,u14,DE,dev-14-a,/api/profile,754,1,0
2026-01-12T02:00:01,u10,FR,dev-10-b,/api/orders,1588,1,0
2026-01-14T23:25:25,u01,DE,dev-01-a,/api/profile,271,1,0
2026-01-08T19:55:29,u14,DE,dev-14-a,/api/search,154,1,0
2026-01-03T04:55:09,u04,DE,dev-04-a,/api/search,228,1,0
2026-01-24T13:30:22,u08,IE,dev-08-a,/api/search,1567,1,0
2026-01-05T11:13:28,u05,GB,dev-05-b,/api/admin/users,2168,1,0
2026-01-30T17:52:49,u04,DE,dev-04-a,/api/reports,4349,1,0
2026-01-22T18:41:48,u07,IE,dev-07-b,/api/search,1613,1,0
2026-01-03T21:30:44,u05,GB,dev-05-a,/api/orders,4404,1,0
2026-01-20T07:32:47,u05,GB,dev-05-b,/api/search,402,1,0
2026-01-10T00:48:04,u13,ES,dev-13-a,/api/reports,2122,1,0
2026-01-29T07:00:47,u03,NG,atk-1712,/api/profile,150,0,1
2026-01-26T09:16:22,u12,ES,dev-12-a,/api/search,5296,1,0
2026-01-18T05:51:32,u06,IN,dev-06-a,/api/search,505,1,0
2026-01-12T03:40:25,u05,GB,dev-05-b,/api/documents,756,1,1
2026-01-03T10:49:49,u00,IE,dev-00-a,/api/search,502,1,0
2026-01-27T12:12:17,u10,FR,dev-10-b,/api/profile,424,1,0
2026-01-31T05:43:07,u12,NG,atk-2756,/api/profile,150,0,1
2026-01-31T05:43:09,u12,NG,atk-2756,/api/orders,150,0,1
2026-01-25T20:35:06,u07,ES,dev-07-b,/api/reports,3684,1,0
2026-01-03T19:08:38,u07,IE,dev-07-b,/api/reports,1154,1,0
2026-01-31T05:43:01,u12,NG,atk-2756,/api/documents,150,0,1
2026-01-28T16:23:23,u14,DE,dev-14-a,/api/profile,978,1,1
2026-01-10T07:32:43,u00,IE,dev-00-a,/api/orders,7548,1,0
2026-01-19T00:33:12,u09,US,dev-09-a,/api/documents,3637,1,1
2026-01-22T06:36:35,u02,RU,atk-7909,/api/search,150,0,1
2026-01-17T08:29:32,u09,US,dev-09-a,/api/system/backup,23141,1,1
2026-01-27T11:48:32,u05,GB,dev-05-a,/api/profile,1102,1,0
2026-01-30T17:57:53,u02,IE,dev-02-a,/api/documents/export,629935,1,1
2026-01-27T00:51:38,u10,FR,dev-10-b,/api/search,173,1,0
2026-01-19T00:48:28,u11,US,dev-11-a,/api/orders,885,1,0
2026-01-15T11:20:58,u10,JP,atk-tr-5565,/api/orders,800,1,1
2026-01-07T05:57:27,u08,IE,dev-08-b,/api/system/backup,16532,1,1
2026-01-17T02:16:31,u05,GB,dev-05-a,/api/orders,2351,1,0
2026-01-11T02:11:05,u00,IE,dev-00-a,/api/documents,2133,1,0
2026-01-13T01:03:11,u12,ES,atk-sh-6412,/api/profile,972,1,1
2026-01-24T15:01:28,u04,US,atk-tr-4568,/api/reports,800,1,1
2026-01-30T03:27:54,u08,IE,dev-08-a,/api/reports,191,1,0
2026-01-03T05:24:34,u05,GB,dev-05-b,/api/profile,2666,1,0
2026-01-22T16:10:21,u11,US,dev-11-b,/api/reports,1295,1,0
2026-01-24T17:21:37,u07,IE,dev-07-a,/api/orders,847,1,0
2026-01-17T09:50:48,u12,ES,dev-12-b,/api/search,680,1,0
2026-01-11T05:28:21,u12,ES,atk-sh-2305,/api/reports,7969,1,1
2026-01-15T19:01:56,u01,DE,dev-01-a,/api/documents/export,427300,1,1
2026-01-06T21:26:46,u10,FR,dev-new-1579,/api/documents,641,1,0
2026-01-29T16:15:05,u01,DE,dev-01-a,/api/reports,2422,1,0
2026-01-30T06:19:53,u10,US,atk-pe-1313,/api/documents/export,800,1,1
2026-01-06T11:35:09,u01,DE,dev-01-a,/api/profile,4771,1,0
2026-01-07T15:30:33,u04,DE,dev-new-3121,/api/profile,2008,1,0
2026-01-13T05:53:02,u12,ES,dev-12-b,/api/search,285,1,0
2026-01-20T09:10:12,u01,DE,dev-01-a,/api/search,1304,1,1
2026-01-24T17:42:07,u00,IE,dev-00-a,/api/orders,10036,1,0
2026-01-20T15:25:58,u04,ES,dev-04-a,/api/profile,447,1,0
2026-01-22T01:48:29,u05,GB,dev-05-a,/api/search,1876,1,0
2026-01-08T07:18:38,u08,IE,dev-08-a,/api/documents,922,1,0
2026-01-06T10:39:25,u12,ES,dev-12-a,/api/profile,2416,1,0
2026-01-27T04:20:33,u06,IE,dev-06-b,/api/orders,758,1,0
2026-01-22T05:52:27,u12,ES,dev-12-a,/api/orders,2477,1,0
2026-01-15T05:53:36,u09,US,dev-09-a,/api/documents,786,1,0
2026-01-05T07:13:26,u09,US,dev-09-a,/api/documents,1569,1,1
2026-01-02T06:48:06,u14,DE,dev-14-a,/api/documents/export,249075,1,1
2026-01-25T21:11:36,u02,IE,dev-02-a,/api/profile,3411,1,0
2026-01-15T21:35:39,u04,DE,dev-04-a,/api/orders,517,1,0
2026-01-29T10:21:52,u06,IE,atk-sh-9024,/api/profile,767,1,1
2026-01-22T06:53:02,u04,DE,dev-04-a,/api/profile,1532,1,0
2026-01-08T11:36:43,u06,IE,dev-06-b,/api/search,2449,1,1
2026-01-22T23:40:49,u00,IE,dev-00-a,/api/search,1288,1,0
2026-01-30T19:03:59,u12,ES,dev-12-a,/api/profile,2132,1,0
2026-01-23T13:15:48,u09,US,dev-09-b,/api/documents,109,1,0
2026-01-14T15:55:34,u10,FR,dev-10-b,/api/documents,2982,1,0
2026-01-04T12:43:20,u12,ES,dev-12-b,/api/orders,942,1,0
2026-01-27T02:31:09,u13,ES,dev-13-a,/api/documents,179,1,0
2026-01-30T22:49:46,u03,BR,atk-9180,/api/documents,150,0,1
2026-01-29T07:00:57,u03,NG,atk-1712,/api/orders,150,0,1
2026-01-12T10:59:02,u13,ES,dev-13-a,/api/profile,7343,1,0
2026-01-31T11:12:22,u07,AU,atk-tr-3232,/api/profile,800,1,1
2026-01-08T14:48:21,u09,US,dev-09-a,/api/orders,2838,1,0
2026-01-21T19:50:26,u04,DE,dev-new-2473,/api/reports,4571,1,0
2026-01-04T21:34:33,u05,GB,dev-05-a,/api/orders,482,1,0
2026-01-05T15:09:56,u03,DE,dev-new-8023,/api/documents,3999,1,0
2026-01-10T08:21:29,u13,ES,dev-13-a,/api/reports,708,1,0
2026-01-28T08:02:39,u04,US,atk-tr-8953,/api/documents,800,1,1
2026-01-26T06:16:47,u01,DE,dev-01-a,/api/search,2924,1,0
2026-01-16T13:31:23,u08,IE,dev-08-a,/api/profile,12999,1,0
2026-01-15T20:19:06,u13,ES,atk-pe-8678,/api/config,800,1,1
2026-01-06T07:43:18,u13,ES,dev-13-a,/api/search,1378,1,0
2026-01-05T16:33:43,u09,US,dev-09-b,/api/reports,8721,1,0
2026-01-25T07:14:02,u03,DE,dev-03-b,/api/system/backup,2451,1,1
2026-01-14T00:40:06,u04,DE,dev-04-a,/api/profile,1190,1,0
2026-01-20T09:12:48,u01,DE,dev-01-a,/api/reports,1927,1,0
2026-01-05T21:00:52,u09,US,dev-09-a,/api/admin/users,800,1,1
2026-01-03T19:18:20,u06,IE,dev-06-b,/api/profile,773,1,0
2026-02-01T00:00:43,u07,GB,dev-07-a,/api/documents,2638,1,0
2026-01-12T03:48:12,u08,IE,dev-08-a,/api/search,1364,1,0
2026-01-02T04:00:44,u07,IE,dev-07-b,/api/search,5033,1,0
2026-01-08T11:44:04,u11,US,dev-11-a,/api/documents,970,1,0
2026-01-23T21:40:30,u02,NG,atk-9891,/api/orders,150,0,1
2026-01-07T04:07:55,u11,US,dev-11-b,/api/profile,778,1,0
2026-01-18T00:20:53,u13,ES,dev-13-a,/api/documents,993,1,0
2026-01-24T04:29:42,u00,IE,dev-00-a,/api/documents,157,1,0
2026-01-06T10:21:35,u11,US,dev-11-b,/api/search,1198,1,0
2026-01-14T20:29:38,u11,US,dev-11-a,/api/documents/export,566698,1,1
2026-01-03T17:46:59,u11,US,dev-11-a,/api/search,12722,1,0
2026-01-15T18:59:00,u13,ES,dev-13-a,/api/orders,910,1,0
2026-01-16T11:15:34,u11,RU,atk-7808,/api/documents,150,0,1
2026-01-24T21:27:12,u00,IE,dev-00-a,/api/documents,397,1,0
2026-01-23T21:40:46,u02,NG,atk-9891,/api/profile,150,0,1
2026-01-03T08:41:04,u08,IE,dev-08-b,/api/documents,5807,1,0
2026-01-06T17:12:15,u03,DE,dev-03-a,/api/profile,12502,1,1
2026-01-26T11:01:40,u03,DE,dev-03-b,/api/documents,1329,1,0
2026-01-07T14:48:50,u11,US,dev-11-b,/api/documents,1162,1,0
2026-01-31T19:29:53,u04,DE,dev-04-a,/api/reports,432,1,0
2026-01-19T02:12:36,u05,GB,dev-05-a,/api/profile,1263,1,0
2026-01-12T05:32:29,u04,DE,dev-04-a,/api/documents,2344,1,0
2026-01-25T16:06:09,u12,BR,atk-6614,/api/profile,150,0,1
2026-01-29T06:51:10,u06,IE,dev-06-b,/api/orders,1120,1,0
2026-01-24T17:54:02,u04,DE,dev-04-a,/api/reports,870,1,0
2026-01-02T20:23:00,u10,FR,dev-10-b,/api/profile,545,1,0
2026-01-06T08:02:05,u10,FR,dev-10-b,/api/documents,7038,1,0
2026-01-16T11:15:35,u11,RU,atk-7808,/api/profile,150,0,1
2026-01-05T09:59:14,u05,GB,dev-05-b,/api/reports,3147,1,0
2026-01-12T07:30:27,u00,IE,dev-00-a,/api/orders,818,1,0
2026-01-11T17:25:46,u09,US,dev-09-a,/api/search,162,1,0
2026-01-20T22:00:32,u08,IE,dev-08-b,/api/documents,527,1,0
2026-01-02T07:41:13,u14,BR,atk-1667,/api/orders,150,0,1
2026-01-02T17:28:37,u08,IE,dev-08-b,/api/profile,575,1,0
2026-01-18T00:22:04,u12,ES,dev-12-b,/api/documents,1136,1,0
2026-01-23T18:20:48,u02,IE,dev-02-a,/api/search,221,1,0
2026-01-31T07:17:18,u14,DE,dev-14-a,/api/reports,1921,1,0
2026-01-31T05:43:06,u12,NG,atk-2756,/api/search,150,0,1
2026-01-14T05:04:53,u09,US,dev-09-a,/api/documents,913,1,0
2026-01-12T05:52:08,u05,GB,dev-05-b,/api/documents,1901,1,0
2026-01-18T07:15:56,u08,IE,dev-08-b,/api/reports,3634,1,0
2026-01-31T00:41:44,u06,IE,dev-06-a,/api/search,2973,1,0
2026-01-14T00:12:05,u13,ES,dev-13-a,/api/documents,977,1,0
2026-01-12T00:44:07,u08,NG,atk-2371,/api/orders,150,0,1
2026-01-30T22:49:57,u03,BR,atk-9180,/api/reports,150,0,1
2026-01-15T00:59:07,u04,DE,dev-04-a,/api/system/backup,3934,1,0
2026-01-22T17:56:41,u12,ES,dev-12-a,/api/orders,1349,1,0
2026-01-27T10:33:12,u10,FR,dev-10-b,/api/search,1740,1,0
2026-01-12T09:14:56,u01,DE,dev-01-a,/api/documents,3077,1,0
2026-01-26T22:35:15,u02,IE,dev-02-a,/api/search,741,1,0
2026-01-24T09:01:57,u01,DE,dev-01-a,/api/reports,2489,1,0
2026-01-15T00:10:39,u13,ES,dev-13-a,/api/admin/users,593,1,0
2026-01-29T08:30:26,u11,US,dev-11-a,/api/documents,1715,1,0
2026-01-25T22:08:35,u03,BR,atk-5074,/api/orders,150,0,1
2026-01-16T16:09:39,u02,IE,dev-02-a,/api/profile,1619,1,0
2026-01-21T09:55:31,u09,US,dev-09-a,/api/reports,456,1,0
2026-01-20T05:59:59,u05,GB,dev-05-a,/api/reports,418,1,0
2026-01-10T15:37:01,u01,DE,dev-01-a,/api/profile,1346,1,0
2026-01-29T01:52:12,u02,IE,dev-02-a,/api/orders,1619,1,0
2026-01-02T13:42:30,u00,IE,dev-00-a,/api/profile,362,1,0
2026-01-27T15:28:46,u10,FR,dev-10-b,/api/documents,1766,1,0
2026-01-20T23:48:27,u01,RU,atk-5800,/api/search,150,0,1
2026-01-18T15:25:56,u09,US,dev-09-b,/api/documents,295,1,0
2026-01-21T22:30:26,u05,GB,dev-05-a,/api/reports,166,1,0
2026-01-26T14:50:34,u08,IE,dev-08-b,/api/reports,15469,1,1
2026-01-25T16:06:02,u12,BR,atk-6614,/api/search,150,0,1
2026-01-28T08:46:04,u02,IE,dev-02-a,/api/search,481,1,0
2026-01-15T21:36:48,u04,DE,dev-04-a,/api/orders,108,1,0
2026-01-02T16:57:41,u06,IN,dev-06-a,/api/orders,1196,1,0
2026-01-15T05:52:26,u03,DE,dev-03-a,/api/search,397,1,0
2026-01-06T08:54:26,u01,DE,dev-new-9902,/api/reports,717,1,0
2026-01-28T11:25:20,u00,IE,dev-00-a,/api/config,4042,1,0
2026-01-28T17:34:14,u07,IE,dev-07-b,/api/documents/export,296533,1,1
2026-01-15T15:49:29,u10,FR,dev-10-a,/api/profile,2808,1,0
2026-01-26T14:55:08,u14,DE,dev-14-a,/api/documents,1674,1,0
2026-01-02T19:19:24,u01,DE,dev-01-a,/api/profile,287,1,0
2026-01-10T02:38:15,u03,DE,dev-03-a,/api/search,9174,1,0
2026-01-18T14:36:27,u00,IE,dev-00-a,/api/documents,2717,1,0
2026-01-17T21:21:48,u09,US,dev-09-a,/api/documents,481,1,0
2026-01-13T08:12:30,u05,GB,dev-05-a,/api/profile,472,1,0
2026-01-16T12:32:26,u07,IE,dev-07-b,/api/search,4741,1,0
2026-01-19T00:15:13,u03,DE,dev-03-b,/api/profile,2051,1,0
2026-01-03T04:50:04,u00,IE,dev-00-a,/api/orders,316,1,1
2026-01-07T03:40:43,u03,DE,dev-03-a,/api/search,548,1,0
2026-01-28T22:47:42,u04,DE,dev-04-a,/api/search,3789,1,0
2026-01-18T21:38:44,u01,DE,dev-01-a,/api/search,626,1,0
2026-01-25T19:26:02,u03,DE,dev-03-a,/api/admin/users,409,1,0
2026-01-02T22:44:54,u07,IE,dev-07-b,/api/reports,677,1,0
2026-01-22T23:57:32,u01,DE,dev-01-a,/api/reports,504,1,0
2026-01-29T22:55:52,u05,GB,dev-05-a,/api/reports,10243,1,0
2026-01-13T19:18:11,u13,ES,dev-13-a,/api/profile,3821,1,0
2026-01-26T00:58:41,u06,IE,dev-06-a,/api/orders,1987,1,0
2026-01-06T00:43:35,u06,IE,dev-06-b,/api/search,600,1,0
2026-01-25T22:08:49,u03,BR,atk-5074,/api/documents,150,0,1
2026-01-23T18:21:38,u08,IE,dev-08-a,/api/search,1500,1,0
2026-01-13T09:07:35,u08,IE,dev-08-b,/api/orders,1081,1,0
2026-01-22T07:36:02,u01,DE,dev-01-a,/api/search,1023,1,0
2026-01-09T17:03:20,u03,DE,dev-03-b,/api/system/backup,13583,1,1
2026-01-28T18:57:50,u09,US,dev-09-b,/api/reports,1902,1,0
2026-01-06T03:18:26,u11,US,dev-11-a,/api/documents,559,1,0
2026-01-11T15:49:09,u11,US,dev-11-b,/api/reports,2594,1,0
2026-01-10T12:56:29,u06,IE,dev-06-a,/api/profile,1268,1,0
2026-01-13T10:18:29,u00,IE,dev-00-a,/api/orders,1682,1,0
2026-01-26T07:20:32,u03,DE,dev-03-b,/api/documents/export,515554,1,1
2026-01-15T20:07:02,u14,DE,dev-14-a,/api/search,768,1,0
2026-01-25T16:06:05,u12,BR,atk-6614,/api/documents,150,0,1
2026-01-06T01:45:02,u13,ES,dev-13-a,/api/documents/export,55502,1,1
2026-01-21T18:32:41,u04,AU,atk-tr-1309,/api/search,800,1,1
2026-01-23T21:40:37,u02,NG,atk-9891,/api/documents,150,0,1
2026-01-24T10:54:48,u09,US,dev-09-a,/api/reports,2363,1,0
2026-01-26T23:04:30,u09,US,dev-09-a,/api/orders,833,1,0
2026-01-02T10:08:05,u06,RU,atk-8576,/api/profile,150,0,1
2026-01-04T21:33:49,u02,IE,dev-02-a,/api/documents,791,1,0
2026-01-31T16:53:20,u06,IE,dev-06-b,/api/profile,362,1,0
2026-01-07T14:10:40,u06,IE,dev-06-b,/api/orders,327,1,0
2026-01-30T22:49:58,u03,BR,atk-9180,/api/reports,150,0,1
2026-01-12T09:36:09,u12,ES,dev-12-b,/api/documents,247,1,0
2026-01-13T01:50:07,u05,US,dev-05-b,/api/reports,1520,1,0
2026-01-08T03:06:19,u13,US,atk-tr-4989,/api/profile,800,1,1
2026-01-09T03:52:53,u08,IE,dev-08-a,/api/reports,2995,1,0
2026-01-04T10:04:42,u03,DE,dev-03-b,/api/search,2782,1,0
2026-01-28T19:49:24,u14,DE,dev-14-a,/api/reports,578,1,0
2026-01-25T16:06:17,u12,BR,atk-6614,/api/search,150,0,1
2026-01-23T05:41:28,u07,IE,dev-07-a,/api/profile,2430,1,0
2026-01-02T07:40:51,u14,BR,atk-1667,/api/orders,150,0,1
2026-01-20T14:02:13,u08,FR,dev-08-a,/api/profile,257,1,0
2026-01-08T05:40:13,u02,IE,dev-02-a,/api/documents,1998,1,0
2026-01-20T08:58:57,u04,DE,dev-04-a,/api/profile,235,1,0
2026-01-30T22:49:54,u03,BR,atk-9180,/api/orders,150,0,1
2026-01-23T12:28:40,u03,DE,dev-03-a,/api/documents/export,12013,1,1
2026-01-22T22:09:53,u07,US,dev-07-a,/api/documents,2201,1,0
2026-01-08T15:02:31,u04,DE,dev-04-a,/api/documents/export,5031,1,0
2026-01-17T13:53:41,u09,US,dev-09-b,/api/search,2146,1,0
2026-01-13T23:26:29,u14,DE,dev-14-a,/api/documents,2199,1,0
2026-01-12T22:12:17,u13,ES,dev-13-a,/api/search,207,1,0
2026-01-29T21:54:42,u01,DE,dev-01-a,/api/documents,683,1,0
2026-01-17T05:08:46,u07,IE,dev-07-b,/api/search,3426,1,0
2026-01-13T02:07:17,u12,ES,dev-12-a,/api/system/backup,3609,1,0
2026-01-07T22:43:54,u11,US,dev-11-b,/api/profile,5363,1,0
2026-01-16T04:32:41,u05,GB,dev-05-b,/api/documents,1512,1,0
2026-01-10T23:11:53,u11,US,atk-sh-5369,/api/profile,3953,1,1
2026-01-27T00:51:43,u04,DE,dev-04-a,/api/documents,918,1,0
2026-01-20T11:42:39,u06,IE,dev-06-a,/api/documents,2399,1,0
2026-01-30T04:03:50,u12,ES,dev-12-b,/api/system/backup,198,1,0
2026-01-10T03:25:12,u14,DE,dev-14-a,/api/documents,938,1,0
2026-01-11T08:27:33,u02,IE,dev-02-a,/api/search,3213,1,0
2026-01-24T08:46:36,u04,DE,dev-04-a,/api/orders,2083,1,0
2026-01-11T22:41:34,u09,US,dev-09-a,/api/orders,4233,1,0
2026-01-08T05:24:58,u09,US,dev-09-a,/api/reports,1122,1,0
2026-01-18T17:01:57,u09,US,dev-09-b,/api/reports,1118,1,0
2026-01-31T11:24:08,u09,US,dev-09-a,/api/system/backup,18123,1,1
2026-01-16T00:04:53,u05,GB,dev-05-b,/api/orders,871,1,0
2026-01-04T19:35:07,u11,US,dev-11-b,/api/search,1250,1,0
2026-01-02T19:10:43,u02,IE,dev-02-a,/api/search,184,1,0
2026-01-06T04:56:55,u05,GB,dev-05-b,/api/reports,433,1,0
2026-01-31T10:30:25,u06,IE,atk-sh-4595,/api/profile,2122,1,1
2026-01-20T09:41:59,u09,US,dev-09-a,/api/reports,1379,1,0
2026-01-28T03:53:17,u02,IE,dev-02-a,/api/system/backup,2346,1,0
2026-01-25T16:27:09,u01,DE,dev-01-a,/api/reports,1301,1,0
2026-01-31T05:43:14,u12,NG,atk-2756,/api/reports,150,0,1
2026-01-20T21:28:08,u01,DE,dev-01-a,/api/documents,657,1,0
2026-01-20T05:20:55,u13,ES,dev-13-a,/api/orders,356,1,0
2026-01-09T17:52:06,u02,IE,dev-02-a,/api/profile,2002,1,0
2026-01-16T09:56:24,u14,DE,dev-14-a,/api/search,4444,1,0
2026-01-24T04:21:52,u09,US,dev-09-a,/api/reports,210,1,0
2026-01-09T07:01:02,u11,US,dev-11-b,/api/reports,303,1,0
2026-01-09T00:34:23,u04,DE,dev-04-a,/api/system/backup,3557,1,0
2026-01-26T02:40:35,u13,ES,dev-13-a,/api/admin/users,2706,1,0
2026-01-19T23:04:01,u05,GB,dev-05-a,/api/documents,991,1,1
2026-01-06T06:29:58,u01,DE,dev-01-a,/api/documents,199,1,0
2026-01-12T10:00:54,u02,IE,dev-02-a,/api/orders,1489,1,0
2026-01-19T23:13:47,u10,FR,dev-10-a,/api/system/backup,560,1,0
2026-01-22T08:57:11,u01,DE,dev-01-a,/api/profile,1478,1,0
2026-01-24T22:19:22,u02,IE,dev-02-a,/api/reports,4903,1,0
2026-01-09T23:36:42,u12,ES,dev-12-a,/api/search,489,1,0
2026-01-10T10:39:53,u11,US,dev-11-b,/api/search,297,1,0
2026-01-09T02:25:09,u03,DE,dev-03-a,/api/orders,1708,1,0
2026-01-19T17:12:09,u13,ES,dev-13-a,/api/documents,11560,1,0
2026-01-07T02:01:51,u06,IE,dev-06-a,/api/documents/export,403015,1,1
2026-01-23T04:00:05,u14,DE,dev-14-a,/api/orders,4109,1,0
2026-01-06T20:14:25,u04,DE,dev-04-a,/api/profile,535,1,0
2026-01-17T02:47:45,u02,IE,dev-02-a,/api/config,976,1,0
2026-01-09T09:50:10,u03,DE,dev-03-b,/api/orders,1578,1,0
2026-01-18T07:17:39,u09,US,dev-09-a,/api/search,299,1,0
2026-01-22T13:30:06,u00,IE,dev-00-a,/api/profile,798,1,0
2026-01-20T02:23:39,u02,IE,dev-02-a,/api/documents,2327,1,0
2026-01-12T23:23:33,u01,DE,dev-01-a,/api/config,2204,1,0
2026-01-25T04:11:45,u12,ES,dev-12-b,/api/documents/export,435910,1,1
2026-01-25T02:42:32,u09,US,dev-09-a,/api/profile,1049,1,0
2026-01-11T02:50:54,u00,IE,dev-00-a,/api/orders,529,1,0
2026-01-16T02:18:59,u05,GB,dev-05-a,/api/orders,976,1,0
2026-01-28T05:59:09,u13,DE,dev-13-a,/api/orders,1577,1,0
2026-01-28T00:18:41,u07,IE,dev-07-a,/api/profile,376,1,0
2026-01-16T22:27:35,u03,DE,dev-03-b,/api/documents,491,1,0
2026-01-03T07:21:33,u13,ES,atk-sh-3141,/api/profile,347,1,1
2026-01-19T22:12:37,u12,ES,dev-12-a,/api/documents,1923,1,0
2026-01-14T16:33:17,u05,GB,dev-05-b,/api/reports,679,1,0
2026-01-23T02:36:40,u13,ES,dev-13-a,/api/documents,580,1,0
2026-01-14T07:18:58,u03,DE,dev-03-a,/api/documents,3165,1,0
2026-01-29T13:21:21,u04,DE,atk-sh-5069,/api/reports,3333,1,1
2026-01-06T17:32:08,u07,RU,dev-07-b,/api/config,800,1,1
2026-01-25T02:15:58,u06,IE,dev-06-b,/api/search,494,1,0
2026-01-08T04:56:29,u12,ES,dev-12-a,/api/reports,182,1,0
2026-01-28T11:57:06,u09,US,dev-09-b,/api/profile,1774,1,0
2026-01-31T16:44:32,u09,US,dev-09-b,/api/orders,723,1,0
2026-01-23T14:45:18,u13,ES,dev-13-a,/api/documents,834,1,0
2026-01-29T00:39:18,u04,DE,dev-04-a,/api/documents,1188,1,0
2026-01-10T23:32:10,u09,US,dev-09-b,/api/reports,414,1,0
2026-01-02T15:06:13,u02,IE,dev-02-a,/api/profile,4980,1,0
2026-01-13T06:31:20,u06,IE,dev-06-a,/api/search,407,1,0
2026-01-04T04:25:57,u08,IE,dev-08-b,/api/profile,1581,1,0
2026-01-29T14:09:44,u00,IE,dev-00-a,/api/profile,239,1,0
2026-01-17T05:50:18,u14,DE,dev-14-a,/api/orders,2270,1,0
2026-01-16T06:15:50,u01,DE,dev-01-a,/api/documents/export,433,1,0
2026-01-02T12:32:46,u12,ES,dev-12-a,/api/search,1412,1,0
2026-01-23T21:40:25,u02,NG,atk-9891,/api/profile,150,0,1
2026-01-15T22:39:11,u01,DE,dev-01-a,/api/reports,4088,1,0
2026-01-18T22:08:50,u03,DE,dev-03-b,/api/orders,738,1,0
2026-01-30T04:40:07,u02,IE,dev-02-a,/api/reports,143,1,0
2026-01-25T16:06:11,u12,BR,atk-6614,/api/reports,150,0,1
2026-01-26T17:03:52,u08,IE,dev-08-a,/api/reports,621,1,0
2026-02-01T01:50:07,u05,GB,dev-05-b,/api/documents,687,1,0
2026-01-20T14:00:19,u05,GB,dev-05-b,/api/documents/export,2446,1,0
2026-01-04T16:41:39,u13,ES,dev-13-a,/api/reports,1301,1,0
2026-01-28T17:05:26,u00,IE,dev-00-a,/api/documents,610,1,0
2026-01-22T11:22:34,u10,FR,dev-10-a,/api/profile,213,1,0
2026-01-02T10:08:10,u06,RU,atk-8576,/api/reports,150,0,1
2026-01-06T09:02:29,u07,IE,dev-07-a,/api/search,1685,1,0
2026-01-27T19:09:30,u04,DE,dev-04-a,/api/reports,1559,1,0
2026-01-30T23:57:42,u13,ES,dev-13-a,/api/documents,331,1,0
2026-01-07T19:29:36,u01,DE,dev-01-a,/api/reports,332,1,0
2026-01-28T23:37:38,u06,IE,dev-06-b,/api/profile,1054,1,0
2026-01-09T12:45:29,u13,ES,dev-13-a,/api/documents,1362,1,0
2026-01-12T22:26:46,u06,IE,dev-06-b,/api/profile,627,1,0
2026-01-17T02:35:59,u14,DE,dev-14-a,/api/search,423,1,0
2026-01-12T12:01:43,u12,ES,dev-12-a,/api/documents,417,1,1
2026-01-25T11:19:14,u11,US,dev-11-b,/api/profile,1407,1,0
2026-01-21T19:42:27,u02,IE,dev-02-a,/api/profile,448,1,0
2026-01-17T04:19:25,u04,DE,dev-04-a,/api/search,422,1,0
2026-01-15T21:40:04,u01,US,atk-pe-8860,/api/admin/users,800,1,1
2026-01-22T14:48:21,u01,DE,dev-01-a,/api/search,273,1,1
2026-01-27T18:09:45,u04,RU,atk-pe-7161,/api/system/backup,800,1,1
2026-01-06T02:00:13,u04,DE,dev-04-a,/api/documents,556,1,0
2026-01-11T15:48:48,u07,IE,dev-07-a,/api/profile,1638,1,0
2026-01-12T18:49:40,u00,IE,dev-00-a,/api/orders,958,1,0
2026-01-07T00:00:50,u07,IE,dev-new-8885,/api/documents,290,1,0
2026-01-12T21:01:51,u12,ES,dev-12-b,/api/documents,162,1,0
2026-01-16T02:58:17,u14,DE,dev-14-a,/api/documents,1586,1,0
2026-01-10T07:40:03,u10,FR,dev-10-a,/api/orders,2514,1,0
2026-01-14T05:39:43,u05,GB,dev-05-a,/api/system/backup,1497,1,0
2026-01-07T07:52:46,u04,DE,dev-new-1549,/api/documents,2330,1,0
2026-01-31T05:43:13,u12,NG,atk-2756,/api/documents,150,0,1
2026-01-22T06:36:36,u02,RU,atk-7909,/api/reports,150,0,1
2026-01-21T01:15:25,u04,DE,dev-04-a,/api/search,720,1,0
2026-01-10T11:39:03,u07,IE,dev-07-a,/api/search,4165,1,0
2026-01-18T19:07:31,u11,US,dev-11-b,/api/profile,1368,1,0
2026-01-30T19:16:35,u05,GB,dev-05-b,/api/profile,482,1,0
2026-01-14T16:56:38,u07,IE,dev-07-a,/api/documents,6298,1,0
2026-01-13T18:37:09,u04,DE,dev-04-a,/api/search,793,1,0
2026-01-18T19:54:45,u05,GB,dev-05-b,/api/documents,824,1,0
2026-01-05T06:59:36,u08,IE,dev-08-b,/api/profile,311,1,0
2026-01-16T06:58:22,u08,IE,dev-08-b,/api/profile,2605,1,0
2026-01-27T07:45:01,u03,DE,dev-03-a,/api/admin/users,3992,1,0
2026-01-30T04:33:05,u09,US,dev-09-b,/api/search,369,1,0
2026-01-03T23:28:05,u02,IE,dev-02-a,/api/profile,712,1,0
2026-01-23T03:24:16,u03,DE,dev-03-b,/api/documents,589,1,0
2026-01-16T10:34:47,u09,US,dev-09-a,/api/reports,3540,1,0
2026-01-06T09:13:57,u01,DE,dev-01-a,/api/orders,5665,1,0
2026-01-11T19:09:30,u13,ES,dev-13-a,/api/documents/export,2790,1,0
2026-01-03T13:23:50,u14,DE,atk-pe-3712,/api/config,800,1,1
2026-01-24T00:05:42,u03,DE,dev-03-b,/api/profile,138,1,0
2026-01-11T07:29:56,u10,FR,dev-10-b,/api/orders,348,1,0
2026-01-25T05:24:31,u12,ES,dev-12-b,/api/reports,948,1,0
2026-01-08T07:56:44,u03,DE,dev-03-b,/api/documents,798,1,0
2026-01-09T23:15:22,u08,IE,dev-08-a,/api/profile,100,1,0
2026-01-18T10:16:26,u11,US,dev-11-a,/api/orders,1735,1,0
2026-01-16T07:10:59,u07,JP,atk-tr-9261,/api/profile,800,1,1
2026-01-05T05:27:10,u14,DE,dev-14-a,/api/documents/export,366919,1,1
2026-01-11T12:37:43,u10,GB,dev-10-a,/api/reports,4431,1,0
2026-01-07T07:30:11,u05,GB,dev-05-b,/api/reports,1042,1,0
2026-01-18T09:39:15,u00,IE,dev-00-a,/api/documents/export,530471,1,1
2026-01-21T03:22:45,u09,US,dev-09-b,/api/search,1948,1,0
2026-01-04T21:03:17,u04,DE,dev-04-a,/api/documents,1474,1,0
2026-01-04T10:29:27,u08,IE,dev-08-a,/api/profile,8603,1,1
2026-01-14T06:38:05,u05,GB,dev-05-b,/api/profile,504,1,0
2026-01-11T11:51:01,u00,IE,dev-00-a,/api/orders,2575,1,0
2026-01-14T03:59:27,u12,ES,dev-12-a,/api/documents,1398,1,1
2026-01-03T00:55:59,u10,FR,dev-10-b,/api/reports,1883,1,0
2026-01-06T19:40:34,u08,IE,dev-08-b,/api/orders,100,1,0
2026-01-21T17:18:45,u02,IE,dev-02-a,/api/documents,421,1,0
2026-01-09T17:01:16,u06,IE,dev-new-3730,/api/search,3893,1,0
2026-01-02T19:55:46,u14,DE,dev-14-a,/api/profile,790,1,0
2026-01-26T14:59:00,u07,IE,dev-07-b,/api/documents/export,279821,1,1
2026-01-07T09:36:37,u08,IE,dev-08-a,/api/reports,1493,1,0
2026-01-09T19:46:16,u10,FR,dev-10-b,/api/orders,1339,1,0
2026-01-22T17:30:40,u00,IE,dev-00-a,/api/profile,784,1,0
2026-01-26T19:59:30,u14,DE,dev-14-a,/api/documents,730,1,0
2026-01-14T05:06:19,u01,JP,atk-tr-2694,/api/reports,800,1,1
2026-01-20T10:32:48,u11,US,dev-11-b,/api/profile,2871,1,0
2026-01-21T07:21:34,u02,IE,dev-02-a,/api/documents,1678,1,0
2026-01-31T03:15:18,u09,US,dev-09-a,/api/profile,1511,1,0
2026-01-03T17:55:45,u05,GB,dev-05-a,/api/documents,686,1,0
2026-01-16T01:10:32,u12,ES,dev-12-a,/api/search,2312,1,0
2026-01-21T17:33:08,u14,DE,dev-14-a,/api/reports,4948,1,0
2026-01-10T15:56:50,u03,DE,dev-03-a,/api/profile,10594,1,0
2026-01-12T11:29:29,u11,US,dev-11-b,/api/orders,2636,1,0
2026-01-03T10:34:31,u01,DE,dev-01-a,/api/documents,904,1,0
2026-01-15T15:54:19,u04,DE,dev-04-a,/api/reports,813,1,0
2026-01-18T04:59:28,u08,IE,dev-08-a,/api/documents/export,23905,1,1
2026-01-18T18:45:48,u06,IE,dev-new-5223,/api/orders,2938,1,0
2026-01-12T17:07:37,u00,IE,dev-00-a,/api/documents,130,1,0
2026-01-27T04:51:06,u06,IE,atk-sh-7724,/api/reports,520,1,1
2026-01-05T03:53:41,u06,IE,dev-06-b,/api/documents/export,293842,1,1
2026-01-13T14:48:41,u09,US,dev-09-a,/api/reports,900,1,0
2026-01-18T02:09:20,u07,IE,dev-07-a,/api/orders,152,1,0
2026-01-22T00:04:01,u02,IE,dev-02-a,/api/reports,1415,1,1
2026-01-31T07:41:31,u06,IE,dev-06-a,/api/documents/export,576790,1,1
2026-01-02T13:21:48,u14,DE,dev-14-a,/api/profile,2208,1,0
2026-01-03T21:59:10,u09,US,dev-09-b,/api/orders,542,1,0
2026-01-15T06:57:14,u01,IN,dev-01-a,/api/documents,4285,1,0
2026-01-03T06:24:04,u01,DE,dev-01-a,/api/search,7020,1,0
2026-01-23T06:12:28,u00,IE,dev-00-a,/api/orders,506,1,0
2026-01-09T15:12:43,u12,ES,dev-12-a,/api/search,1232,1,0
2026-01-26T00:54:46,u13,ES,dev-13-a,/api/documents,1900,1,0
2026-01-18T11:46:23,u10,FR,dev-10-b,/api/search,140,1,0
2026-01-04T07:13:57,u06,IE,dev-06-a,/api/reports,589,1,0
2026-01-29T07:00:41,u03,NG,atk-1712,/api/documents,150,0,1
2026-01-28T11:58:35,u00,IE,dev-00-a,/api/orders,824,1,0
2026-01-19T15:44:51,u12,ES,dev-12-b,/api/admin/users,24323,1,1
2026-01-16T15:54:43,u05,GB,dev-05-a,/api/documents,429,1,0
2026-01-04T16:02:07,u12,ES,dev-12-a,/api/search,279,1,0
2026-01-06T13:59:04,u00,IE,dev-new-7487,/api/orders,1576,1,0
2026-01-31T05:43:04,u12,NG,atk-2756,/api/search,150,0,1
2026-01-26T19:07:53,u14,DE,dev-14-a,/api/documents,853,1,1
2026-01-27T01:12:29,u11,US,dev-11-a,/api/search,605,1,0
2026-01-04T21:41:10,u13,ES,dev-13-a,/api/reports,4970,1,0
2026-01-14T12:42:48,u12,ES,dev-12-b,/api/documents,460,1,0
2026-01-21T15:02:17,u05,AU,atk-tr-5979,/api/profile,800,1,1
2026-01-09T19:22:02,u14,DE,dev-14-a,/api/search,1556,1,0
2026-01-30T22:49:56,u03,BR,atk-9180,/api/reports,150,0,1
2026-01-09T18:43:03,u12,ES,dev-12-a,/api/documents,1187,1,0
2026-01-14T05:46:57,u06,IE,dev-06-b,/api/orders,3842,1,0
2026-01-22T01:53:24,u06,IE,dev-06-a,/api/profile,744,1,0
2026-01-02T07:41:00,u14,BR,atk-1667,/api/documents,150,0,1
2026-01-31T20:35:41,u01,DE,dev-01-a,/api/documents,213,1,1
2026-01-29T09:02:57,u10,FR,dev-10-b,/api/admin/users,1020,1,0
2026-01-05T16:14:36,u01,DE,dev-01-a,/api/search,651,1,0
2026-01-20T07:16:36,u05,GB,dev-05-b,/api/search,18294,1,0
2026-01-02T16:44:56,u08,IE,dev-08-b,/api/search,1601,1,0
2026-01-08T01:11:39,u03,DE,dev-03-b,/api/orders,519,1,0
2026-01-28T20:39:18,u09,US,dev-09-b,/api/reports,1241,1,0
2026-01-26T15:19:08,u03,US,dev-03-a,/api/system/backup,800,1,1
2026-01-13T01:26:12,u03,DE,dev-03-a,/api/orders,1203,1,1
2026-01-11T05:11:41,u02,IE,dev-02-a,/api/orders,945,1,0
2026-01-03T10:32:53,u01,DE,dev-01-a,/api/reports,821,1,0
2026-01-03T09:55:52,u12,ES,dev-12-b,/api/profile,695,1,0
2026-01-23T01:55:26,u07,IE,dev-07-b,/api/documents,5050,1,0
2026-01-22T18:49:47,u08,IE,dev-08-b,/api/reports,301,1,0
2026-01-09T10:40:13,u07,IE,dev-07-a,/api/search,1686,1,0
2026-01-21T04:45:00,u12,ES,dev-12-b,/api/orders,941,1,0
2026-01-14T08:58:05,u05,GB,dev-05-b,/api/orders,668,1,0
2026-01-18T00:58:58,u14,DE,dev-14-a,/api/reports,288,1,0
2026-01-02T05:18:22,u13,ES,dev-13-a,/api/documents,5164,1,0
2026-01-17T11:24:41,u10,FR,dev-10-b,/api/profile,514,1,0
2026-01-25T16:06:13,u12,BR,atk-6614,/api/orders,150,0,1
2026-01-02T13:57:52,u14,DE,dev-14-a,/api/admin/users,369,1,0
2026-01-22T22:30:34,u01,DE,dev-01-a,/api/config,450,1,0
2026-01-26T12:50:35,u09,US,dev-09-b,/api/profile,360,1,0
2026-01-18T14:12:24,u00,IE,atk-sh-5960,/api/profile,8197,1,1
2026-01-04T14:15:11,u12,ES,dev-12-b,/api/profile,635,1,0
2026-01-27T11:03:06,u00,IE,dev-00-a,/api/search,2704,1,0
2026-01-28T06:16:56,u14,DE,dev-14-a,/api/documents,331,1,0
2026-01-21T21:34:51,u08,IE,dev-08-b,/api/search,848,1,1
2026-01-22T10:34:10,u07,IE,dev-new-7937,/api/reports,450,1,0
2026-01-18T23:54:36,u01,DE,dev-01-a,/api/profile,7313,1,0
2026-01-05T19:25:22,u04,DE,dev-04-a,/api/documents,162,1,0
2026-01-31T09:46:50,u11,US,dev-11-b,/api/reports,377,1,0
2026-01-16T05:30:36,u14,DE,dev-14-a,/api/profile,367,1,0
2026-01-04T20:52:55,u04,DE,dev-04-a,/api/orders,5016,1,0
2026-01-31T13:10:24,u00,IE,dev-00-a,/api/reports,4307,1,0
2026-01-18T23:00:17,u06,IE,dev-06-b,/api/reports,100,1,0
2026-01-25T19:52:58,u07,IE,dev-07-a,/api/profile,2202,1,0
2026-01-29T19:18:44,u00,IE,dev-00-a,/api/documents,187,1,1
2026-01-16T11:15:39,u11,RU,atk-7808,/api/search,150,0,1
2026-01-25T23:27:26,u01,DE,dev-01-a,/api/documents/export,788994,1,1
2026-01-23T09:02:54,u02,IE,dev-02-a,/api/system/backup,13285,1,1
2026-01-05T02:53:27,u03,DE,dev-03-a,/api/documents/export,776972,1,1
2026-01-30T22:49:48,u03,BR,atk-9180,/api/search,150,0,1
2026-01-19T03:10:12,u13,ES,dev-13-a,/api/search,891,1,0
2026-01-21T10:20:02,u13,ES,dev-13-a,/api/reports,1804,1,0
2026-01-16T11:15:31,u11,RU,atk-7808,/api/documents,150,0,1
2026-01-08T05:02:13,u04,DE,dev-04-a,/api/reports,9111,1,0
2026-01-11T22:12:24,u14,DE,dev-14-a,/api/orders,1092,1,0
2026-01-21T06:18:27,u08,IE,dev-08-b,/api/reports,1151,1,0
2026-01-10T02:09:20,u08,IE,dev-08-a,/api/reports,1654,1,0
2026-01-11T03:20:23,u11,US,dev-11-a,/api/documents,3356,1,0
2026-01-18T06:40:19,u08,IE,dev-08-b,/api/search,273,1,0
2026-01-25T06:02:31,u03,DE,dev-03-a,/api/documents/export,85829,1,1
2026-01-05T06:48:20,u14,DE,dev-14-a,/api/documents,793,1,0
2026-01-14T14:19:34,u05,GB,dev-05-b,/api/reports,1171,1,0
2026-01-06T17:16:45,u14,DE,dev-14-a,/api/search,2374,1,0
2026-01-27T01:33:16,u13,RU,atk-pe-1921,/api/admin/users,800,1,1
2026-01-25T13:19:57,u11,US,dev-11-a,/api/reports,268,1,0
2026-01-12T03:21:02,u00,IE,dev-00-a,/api/reports,2221,1,0
2026-01-23T12:37:27,u14,DE,dev-14-a,/api/orders,1459,1,0
2026-01-22T13:51:16,u10,FR,dev-10-a,/api/reports,869,1,0
2026-01-03T10:44:57,u08,IE,dev-08-b,/api/documents,1531,1,0
2026-01-17T02:29:02,u10,FR,dev-10-b,/api/orders,3151,1,0
2026-01-15T12:01:57,u08,IE,dev-08-b,/api/reports,3800,1,0
2026-01-23T05:20:03,u00,FR,dev-00-a,/api/config,1542,1,0
2026-01-28T00:00:34,u08,AU,atk-tr-1631,/api/documents,800,1,1
2026-01-09T06:06:58,u03,DE,dev-03-b,/api/profile,762,1,0
2026-01-02T10:24:37,u11,US,dev-11-a,/api/profile,2333,1,0
2026-01-31T00:10:36,u14,DE,dev-14-a,/api/search,1105,1,0
2026-01-26T09:03:05,u10,FR,dev-10-a,/api/orders,816,1,0
2026-01-12T11:19:46,u07,IE,dev-07-a,/api/orders,437,1,0
2026-01-28T12:34:29,u06,IE,dev-06-a,/api/search,132,1,0
2026-01-20T23:48:28,u01,RU,atk-5800,/api/documents,150,0,1
2026-01-29T10:32:24,u14,DE,dev-14-a,/api/documents,191,1,0
2026-01-04T13:28:32,u01,DE,dev-01-a,/api/orders,216,1,0
2026-01-24T19:08:57,u02,IE,dev-02-a,/api/search,864,1,0
2026-01-15T21:02:38,u12,ES,dev-12-b,/api/profile,1137,1,0
2026-01-02T02:15:11,u00,IE,dev-00-a,/api/reports,1587,1,0
2026-01-04T15:41:38,u10,FR,dev-10-b,/api/documents,230,1,0
2026-01-31T18:22:34,u07,IE,dev-07-a,/api/orders,435,1,1
2026-01-12T00:43:53,u08,NG,atk-2371,/api/reports,150,0,1
2026-01-15T12:40:35,u04,DE,dev-04-a,/api/reports,1429,1,0
2026-01-19T03:08:01,u01,DE,dev-01-a,/api/search,220,1,0
2026-01-04T19:58:11,u03,DE,dev-03-a,/api/search,489,1,0
2026-01-18T09:12:00,u02,IE,dev-02-a,/api/reports,380,1,0
2026-01-01T22:15:32,u05,GB,dev-05-a,/api/search,1733,1,0
2026-01-01T17:40:44,u08,IE,dev-08-b,/api/orders,3667,1,0
2026-01-27T02:14:02,u03,DE,dev-03-b,/api/orders,2249,1,0
2026-01-16T23:19:01,u06,IE,dev-06-a,/api/search,1341,1,0
2026-01-15T14:19:49,u09,US,dev-09-b,/api/documents,4072,1,1
2026-01-18T04:34:34,u07,IE,dev-07-b,/api/orders,5473,1,0
2026-01-04T04:48:42,u10,FR,dev-10-a,/api/documents,251,1,0
2026-01-24T09:12:06,u05,GB,dev-05-b,/api/profile,3017,1,1
2026-01-17T14:55:51,u00,IE,dev-00-a,/api/config,319,1,0
2026-01-03T16:52:13,u13,ES,dev-13-a,/api/documents,1709,1,0
2026-01-14T10:59:01,u00,IE,dev-00-a,/api/search,879,1,0
2026-01-12T03:41:10,u08,IE,dev-08-b,/api/search,715,1,0
2026-01-01T20:56:33,u08,IE,dev-08-b,/api/reports,1303,1,0
2026-01-25T16:06:08,u12,BR,atk-6614,/api/documents,150,0,1
2026-01-05T15:32:48,u00,IE,dev-00-a,/api/search,2206,1,0
2026-01-30T19:47:19,u09,US,dev-09-b,/api/search,2852,1,0
2026-01-16T09:01:23,u00,IE,dev-00-a,/api/config,26730,1,1
2026-01-13T18:05:19,u14,DE,dev-14-a,/api/documents/export,479,1,0
2026-01-19T12:55:13,u01,DE,dev-01-a,/api/orders,1332,1,0
2026-01-23T18:18:37,u09,US,dev-09-b,/api/orders,408,1,0
2026-01-07T08:05:15,u11,US,dev-11-b,/api/search,1857,1,0
2026-01-18T00:49:35,u06,IE,dev-06-b,/api/search,2235,1,0
2026-01-30T19:11:25,u02,IE,atk-sh-2610,/api/reports,149,1,1
2026-01-03T22:56:55,u14,US,atk-tr-4069,/api/search,800,1,1
2026-01-17T07:48:15,u05,RU,atk-pe-7611,/api/system/backup,800,1,1
2026-01-27T13:11:54,u12,ES,dev-12-a,/api/profile,3798,1,0
2026-01-27T05:45:42,u08,IE,dev-new-2811,/api/search,100,1,0
2026-01-04T21:22:25,u11,US,dev-11-a,/api/profile,450,1,0
2026-01-23T04:02:08,u11,US,dev-11-a,/api/documents,553,1,0
2026-01-17T20:08:40,u04,DE,dev-04-a,/api/profile,5751,1,0
2026-01-05T09:35:27,u00,IE,dev-00-a,/api/system/backup,48850,1,1
2026-01-17T00:40:02,u12,ES,dev-12-a,/api/search,982,1,0
2026-01-12T09:45:26,u00,RU,atk-pe-7286,/api/admin/users,800,1,1
2026-01-28T15:11:34,u11,US,dev-11-a,/api/profile,1210,1,0
2026-01-27T08:04:42,u02,IE,dev-02-a,/api/orders,847,1,0
2026-01-28T09:15:07,u03,DE,dev-03-b,/api/admin/users,800,1,1
2026-01-17T21:15:07,u11,US,dev-11-b,/api/documents,1875,1,0
2026-01-02T07:40:58,u14,BR,atk-1667,/api/reports,150,0,1
2026-01-04T21:28:28,u14,DE,dev-14-a,/api/profile,188,1,0
2026-01-19T15:09:50,u04,DE,atk-sh-8073,/api/search,7062,1,1
2026-01-11T23:54:13,u12,ES,dev-12-b,/api/reports,292,1,0
2026-01-16T16:14:45,u01,DE,atk-sh-3983,/api/documents,1323,1,1
2026-01-13T07:34:32,u14,DE,dev-14-a,/api/orders,9486,1,0
2026-01-31T14:05:41,u01,DE,dev-01-a,/api/search,218,1,0
2026-01-22T20:19:23,u00,IE,dev-00-a,/api/reports,485,1,0
2026-01-09T20:17:33,u02,AU,atk-tr-9829,/api/search,800,1,1
2026-01-08T11:20:06,u04,DE,dev-04-a,/api/profile,749,1,0
2026-01-25T09:41:16,u14,DE,dev-14-a,/api/documents,1141,1,0
2026-01-29T17:09:40,u05,GB,dev-05-b,/api/reports,665,1,0
2026-01-13T00:23:34,u06,IE,dev-06-b,/api/documents/export,135964,1,1
2026-01-08T21:50:36,u05,GB,dev-05-b,/api/orders,225,1,0
2026-01-16T21:54:36,u03,DE,dev-03-b,/api/documents,1072,1,0
2026-01-09T22:25:55,u12,ES,dev-12-a,/api/reports,261,1,0
2026-01-07T12:28:03,u09,US,dev-09-b,/api/orders,1888,1,0
2026-01-20T12:41:36,u08,ES,dev-08-b,/api/documents,617,1,0
2026-01-20T14:36:05,u05,GB,dev-05-a,/api/orders,684,1,0
2026-01-02T07:41:01,u14,BR,atk-1667,/api/documents,150,0,1
2026-01-24T00:55:21,u13,ES,dev-13-a,/api/search,487,1,0
2026-01-27T11:37:47,u04,DE,dev-04-a,/api/profile,558,1,0
2026-01-14T06:23:39,u08,IE,dev-08-b,/api/orders,517,1,0
2026-01-11T02:59:01,u04,DE,atk-sh-3739,/api/profile,254,1,1
2026-01-20T10:59:11,u07,IE,dev-new-3818,/api/profile,212,1,0
2026-01-02T07:22:30,u13,ES,dev-13-a,/api/search,222,1,0
2026-01-07T08:13:49,u14,DE,dev-new-9878,/api/orders,1326,1,0
2026-01-19T22:07:59,u07,IE,dev-07-b,/api/profile,7260,1,0
2026-01-29T15:44:24,u01,DE,dev-01-a,/api/orders,2835,1,0
2026-01-23T21:40:29,u02,NG,atk-9891,/api/orders,150,0,1
2026-01-22T10:19:01,u11,US,dev-11-a,/api/search,1385,1,0
2026-01-22T01:00:25,u08,IE,dev-08-a,/api/reports,3405,1,0
2026-01-07T02:05:55,u14,DE,dev-14-a,/api/admin/users,800,1,1
2026-01-14T02:32:27,u14,DE,dev-14-a,/api/profile,114,1,0
2026-01-26T12:40:44,u00,IE,dev-00-a,/api/orders,2678,1,0
2026-01-06T15:35:24,u04,DE,dev-04-a,/api/search,3534,1,0
2026-01-02T22:57:55,u04,DE,dev-04-a,/api/documents/export,233,1,0
2026-01-27T05:02:25,u11,US,dev-11-b,/api/documents,2473,1,0
2026-01-31T20:44:51,u04,DE,dev-04-a,/api/search,2172,1,0
2026-01-25T23:43:16,u08,IE,atk-sh-4096,/api/profile,100,1,1
2026-01-25T01:10:17,u00,IE,dev-00-a,/api/reports,593,1,0
2026-01-06T03:43:12,u07,IE,dev-07-b,/api/config,4506,1,0
2026-01-15T07:17:41,u12,AU,atk-tr-9753,/api/documents,800,1,1
2026-01-29T11:25:01,u07,IE,dev-07-b,/api/documents,873,1,0
2026-01-09T10:38:47,u00,IE,dev-00-a,/api/documents,214,1,0
2026-01-06T21:10:58,u13,ES,dev-13-a,/api/profile,818,1,0
2026-01-13T00:47:53,u04,DE,dev-04-a,/api/documents,302,1,0
2026-01-16T19:40:38,u04,DE,dev-04-a,/api/search,3093,1,0
2026-01-06T09:42:03,u11,US,dev-11-a,/api/reports,461,1,0
2026-01-16T02:28:15,u10,FR,dev-10-a,/api/documents,765,1,0
2026-01-03T04:02:20,u12,ES,dev-12-a,/api/orders,909,1,0
2026-01-04T06:02:08,u03,DE,dev-03-a,/api/documents,3766,1,0
2026-01-21T18:45:00,u06,IE,dev-06-b,/api/profile,2840,1,0
2026-01-29T05:34:19,u03,DE,dev-03-b,/api/profile,100,1,0
2026-01-02T23:15:40,u13,ES,dev-13-a,/api/reports,2323,1,0
2026-01-16T02:16:02,u12,ES,dev-12-a,/api/search,167,1,0
2026-01-19T02:57:52,u06,IE,dev-06-b,/api/reports,400,1,0
2026-01-20T19:10:09,u06,IE,dev-06-b,/api/search,2442,1,0
2026-01-22T05:15:20,u04,DE,dev-04-a,/api/search,3659,1,0
2026-01-10T22:30:40,u14,DE,dev-14-a,/api/config,7139,1,1
2026-01-24T19:53:18,u01,DE,dev-01-a,/api/search,450,1,0
2026-01-22T07:30:01,u08,IE,dev-08-b,/api/config,45376,1,1
2026-01-22T20:12:04,u06,IE,dev-06-b,/api/profile,401,1,0
2026-01-02T07:41:02,u14,BR,atk-1667,/api/orders,150,0,1
2026-01-06T12:24:44,u13,ES,dev-13-a,/api/reports,2015,1,0
2026-01-26T09:42:11,u13,ES,dev-13-a,/api/orders,758,1,0
2026-01-12T00:43:56,u08,NG,atk-2371,/api/search,150,0,1
2026-01-25T12:25:41,u03,DE,dev-03-a,/api/search,304,1,0
2026-01-01T14:07:32,u08,IE,dev-08-a,/api/documents,1502,1,0
2026-01-17T03:42:01,u06,IE,dev-06-b,/api/documents,624,1,0
2026-01-08T12:12:49,u10,FR,dev-10-a,/api/search,1139,1,0
2026-01-11T09:46:24,u12,ES,dev-12-a,/api/orders,196,1,0
2026-01-14T15:42:32,u12,ES,dev-12-a,/api/reports,530,1,0
2026-01-23T21:40:24,u02,NG,atk-9891,/api/documents,150,0,1
2026-01-19T23:46:20,u11,US,dev-11-b,/api/reports,373,1,0
2026-01-30T20:12:10,u02,IE,dev-02-a,/api/orders,811,1,0
2026-01-29T00:23:40,u00,IE,dev-00-a,/api/reports,286,1,0
2026-01-04T00:57:55,u14,DE,dev-14-a,/api/reports,1916,1,0
2026-01-02T13:32:50,u01,DE,dev-01-a,/api/search,3233,1,0
2026-01-25T22:08:38,u03,BR,atk-5074,/api/reports,150,0,1
2026-01-06T22:26:36,u00,IE,dev-00-a,/api/reports,869,1,0
2026-01-13T06:14:58,u14,DE,dev-14-a,/api/orders,1306,1,0
2026-01-14T04:37:03,u11,US,dev-11-a,/api/admin/users,620,1,0
2026-01-11T06:50:14,u12,ES,dev-12-a,/api/orders,841,1,0
2026-01-02T08:19:42,u03,DE,dev-03-b,/api/reports,7335,1,0
2026-01-26T18:15:52,u06,IE,dev-06-a,/api/search,165,1,0
2026-01-17T08:34:07,u14,DE,dev-new-3596,/api/profile,386,1,0
2026-01-27T12:30:38,u11,JP,atk-tr-9145,/api/search,800,1,1
2026-01-25T15:23:03,u08,IE,dev-08-b,/api/search,677,1,0
2026-01-12T17:56:14,u12,ES,dev-12-b,/api/reports,561,1,0
2026-01-23T03:52:21,u06,IE,dev-06-b,/api/search,12885,1,0
2026-01-23T04:35:31,u05,GB,dev-05-a,/api/orders,4593,1,0
2026-01-06T16:17:52,u04,DE,dev-04-a,/api/orders,3780,1,0
2026-01-05T10:14:56,u11,US,dev-11-a,/api/documents,1343,1,0
2026-01-11T13:42:34,u08,IE,dev-08-b,/api/documents,398,1,0
2026-01-08T10:31:38,u01,DE,dev-01-a,/api/documents/export,1677,1,0
2026-01-04T04:43:05,u14,DE,dev-14-a,/api/profile,489,1,0
2026-01-21T18:57:10,u05,GB,dev-05-b,/api/profile,1625,1,0
2026-01-27T01:46:37,u02,IE,dev-02-a,/api/documents,3033,1,0
2026-01-18T06:35:18,u05,GB,dev-05-b,/api/orders,1384,1,0
2026-01-22T06:36:31,u02,RU,atk-7909,/api/profile,150,0,1
2026-01-13T21:53:37,u09,US,dev-09-a,/api/profile,340,1,0
2026-01-23T21:40:31,u02,NG,atk-9891,/api/orders,150,0,1
2026-01-18T09:54:01,u05,GB,dev-05-a,/api/admin/users,1273,1,0
2026-01-10T08:44:30,u02,IE,dev-02-a,/api/orders,500,1,0
2026-01-22T16:05:08,u00,IE,dev-00-a,/api/orders,407,1,0
2026-01-19T06:08:05,u13,AU,atk-tr-6758,/api/reports,800,1,1
2026-01-26T08:05:59,u14,DE,dev-14-a,/api/documents,1275,1,0
2026-01-21T11:19:31,u14,DE,dev-14-a,/api/orders,1284,1,0
2026-01-11T02:20:58,u14,DE,dev-14-a,/api/search,1144,1,0
2026-01-30T08:51:20,u13,ES,dev-13-a,/api/orders,1122,1,0
2026-01-09T19:12:38,u05,GB,dev-05-a,/api/documents,3185,1,0
2026-01-28T06:19:45,u10,FR,dev-10-b,/api/reports,753,1,0
2026-01-27T23:05:45,u07,IE,dev-07-b,/api/system/backup,382,1,0
2026-01-13T06:13:00,u14,DE,dev-14-a,/api/profile,641,1,0
2026-01-09T03:23:39,u00,IE,dev-00-a,/api/search,1636,1,0
2026-01-22T18:30:14,u00,IE,dev-00-a,/api/documents/export,617439,1,1
2026-01-25T16:06:10,u12,BR,atk-6614,/api/reports,150,0,1
2026-01-10T02:22:28,u00,ES,dev-00-a,/api/profile,2974,1,0
2026-01-18T04:05:01,u08,IE,dev-08-a,/api/search,1607,1,0
2026-01-13T18:37:50,u14,DE,atk-pe-7504,/api/config,800,1,1
2026-01-05T20:29:18,u12,ES,dev-12-b,/api/documents,776,1,0
2026-01-04T09:07:25,u05,GB,dev-05-b,/api/documents,1295,1,0
2026-01-06T14:02:56,u04,DE,dev-04-a,/api/documents,955,1,0
2026-01-14T22:43:27,u07,IE,dev-07-a,/api/profile,1041,1,0
2026-01-20T22:51:29,u11,US,dev-11-b,/api/reports,3324,1,0
2026-01-08T02:32:46,u14,DE,dev-14-a,/api/search,792,1,0
2026-01-18T07:22:42,u09,US,dev-09-a,/api/reports,2733,1,0
2026-01-14T13:05:36,u11,US,dev-11-a,/api/profile,5806,1,0
2026-01-30T00:58:14,u12,ES,dev-12-a,/api/reports,210,1,0
2026-01-11T08:47:50,u01,DE,dev-01-a,/api/search,7100,1,0
2026-01-31T05:43:16,u12,NG,atk-2756,/api/orders,150,0,1
2026-01-06T03:19:16,u08,IE,dev-08-b,/api/documents,1907,1,0
2026-01-15T20:07:20,u12,ES,dev-12-a,/api/search,967,1,0
2026-01-12T10:54:24,u05,GB,dev-05-a,/api/reports,1432,1,1
2026-01-13T01:55:00,u03,DE,dev-03-b,/api/documents,859,1,0
2026-01-15T03:16:41,u00,IE,dev-00-a,/api/orders,7814,1,0
2026-01-26T14:39:25,u13,ES,dev-13-a,/api/reports,227,1,0
2026-01-30T14:22:00,u07,IE,dev-07-a,/api/profile,18290,1,0
2026-01-08T14:14:51,u08,IE,dev-08-b,/api/documents,100,1,0
2026-01-15T17:52:23,u08,IE,dev-08-a,/api/profile,146,1,0
2026-01-14T17:30:40,u10,FR,dev-10-a,/api/profile,430,1,0
2026-01-05T02:59:56,u14,DE,dev-14-a,/api/orders,1871,1,0
2026-01-15T22:06:46,u12,ES,dev-12-b,/api/system/backup,40352,1,1
2026-01-29T18:25:22,u03,DE,dev-03-a,/api/documents/export,269,1,0
2026-01-02T11:59:06,u11,US,dev-11-b,/api/profile,466,1,0
2026-01-30T04:49:19,u02,IE,dev-02-a,/api/reports,1802,1,0
2026-01-14T19:47:15,u12,ES,dev-12-a,/api/search,1505,1,0
2026-01-05T20:16:58,u11,US,dev-11-b,/api/search,2448,1,0
2026-01-05T07:42:38,u07,IE,dev-07-b,/api/documents,1545,1,0
2026-01-16T07:08:34,u14,RU,dev-14-a,/api/documents/export,800,1,1
2026-01-10T09:45:56,u03,DE,dev-03-a,/api/orders,2966,1,0
2026-01-26T14:23:26,u03,DE,dev-03-b,/api/reports,790,1,0
2026-01-18T23:05:30,u10,FR,dev-10-b,/api/search,436,1,0
2026-01-01T22:56:52,u10,FR,dev-10-a,/api/search,569,1,0
2026-01-04T08:03:00,u12,ES,dev-12-b,/api/profile,5200,1,0
2026-01-14T11:34:45,u11,US,dev-11-a,/api/orders,1500,1,0
2026-01-28T03:41:30,u13,ES,dev-13-a,/api/documents,2748,1,0
2026-01-28T12:26:27,u05,GB,dev-05-b,/api/profile,20000,1,0
2026-01-17T21:39:27,u00,IE,dev-00-a,/api/orders,572,1,0
2026-01-23T09:28:06,u07,IE,dev-07-a,/api/documents,6346,1,0
2026-01-31T15:55:50,u08,IE,dev-08-b,/api/documents,2647,1,0
2026-01-29T07:00:49,u03,NG,atk-1712,/api/search,150,0,1
2026-01-29T21:52:50,u14,DE,dev-14-a,/api/reports,367,1,0
2026-01-25T21:50:55,u09,US,dev-09-a,/api/documents,868,1,0
2026-01-10T07:15:32,u03,DE,dev-03-a,/api/reports,923,1,0
2026-01-30T02:31:02,u04,DE,dev-04-a,/api/reports,2505,1,0
2026-01-12T03:05:12,u09,US,dev-09-b,/api/profile,1521,1,1
2026-01-06T18:21:36,u13,ES,dev-13-a,/api/orders,257,1,0
2026-01-02T07:40:59,u14,BR,atk-1667,/api/profile,150,0,1
2026-01-08T23:27:12,u12,ES,dev-12-a,/api/search,1970,1,0
2026-01-15T18:44:47,u01,DE,dev-01-a,/api/documents,6797,1,0
2026-01-06T13:24:45,u09,US,dev-09-a,/api/search,171,1,0
2026-01-30T07:29:51,u09,US,dev-09-a,/api/search,1293,1,0
2026-01-08T19:20:21,u12,ES,dev-12-b,/api/documents,9839,1,0
2026-01-02T00:45:41,u09,US,dev-09-b,/api/orders,2121,1,0
2026-01-26T06:05:43,u12,ES,dev-12-a,/api/search,2922,1,0
2026-01-04T14:13:29,u12,ES,dev-12-a,/api/reports,1731,1,0
2026-01-05T06:45:33,u02,IE,dev-02-a,/api/reports,330,1,0
2026-01-02T17:44:07,u10,FR,dev-10-b,/api/search,2243,1,0
2026-01-04T05:56:56,u13,ES,dev-13-a,/api/config,1404,1,0
2026-01-22T17:29:24,u08,IE,dev-08-a,/api/search,5286,1,0
2026-01-07T21:33:58,u14,DE,dev-14-a,/api/reports,160,1,0
2026-01-31T04:54:21,u10,FR,dev-10-a,/api/documents,1346,1,0
2026-01-19T09:29:02,u08,IE,dev-08-b,/api/reports,2092,1,0
2026-01-31T03:06:13,u06,IE,dev-06-a,/api/reports,260,1,0
2026-01-30T13:48:56,u14,DE,dev-14-a,/api/documents/export,454001,1,1
2026-01-28T01:34:12,u08,IE,dev-08-a,/api/reports,1541,1,0
2026-01-21T02:05:06,u12,ES,dev-new-9466,/api/documents,1642,1,0
2026-01-03T05:54:57,u09,US,dev-09-b,/api/documents,15161,1,0
2026-01-29T00:30:46,u11,US,dev-11-a,/api/profile,3906,1,1
2026-01-14T02:49:08,u03,DE,dev-03-b,/api/documents,374,1,0
2026-01-15T15:29:36,u00,IE,dev-00-a,/api/reports,1256,1,0
2026-01-25T22:08:51,u03,BR,atk-5074,/api/profile,150,0,1
2026-01-22T11:39:10,u05,GB,dev-05-b,/api/documents,7716,1,0
2026-01-05T18:50:46,u07,AU,atk-tr-4823,/api/reports,800,1,1
2026-01-21T04:17:40,u02,IE,dev-02-a,/api/documents,6807,1,0
2026-01-03T05:28:15,u02,IE,dev-02-a,/api/orders,1121,1,0
2026-01-19T05:57:49,u00,IE,atk-sh-5452,/api/search,826,1,1
2026-01-06T04:46:12,u00,IE,dev-00-a,/api/profile,556,1,0
2026-01-25T22:08:54,u03,BR,atk-5074,/api/documents,150,0,1
2026-01-13T21:08:39,u01,DE,dev-01-a,/api/documents,313,1,0
2026-01-31T00:28:04,u10,FR,dev-10-b,/api/documents,3060,1,0
2026-01-24T06:58:42,u14,DE,dev-14-a,/api/search,2280,1,0
2026-01-14T07:11:17,u09,US,dev-09-a,/api/documents,849,1,0
2026-01-30T14:18:33,u13,ES,dev-13-a,/api/documents/export,436797,1,1
2026-01-27T06:39:28,u13,ES,dev-13-a,/api/search,1756,1,0
2026-01-14T12:59:57,u07,IE,dev-07-a,/api/profile,3081,1,0
2026-01-27T05:40:45,u12,ES,dev-12-b,/api/profile,521,1,0
2026-01-11T07:25:19,u11,US,dev-11-b,/api/documents,100,1,0
2026-01-30T12:59:22,u06,IE,dev-06-b,/api/profile,541,1,0
2026-01-17T02:44:28,u00,IE,dev-00-a,/api/config,25097,1,1
2026-01-30T00:52:38,u03,DE,dev-03-b,/api/documents,148,1,0
2026-01-31T17:21:58,u03,DE,dev-03-a,/api/system/backup,2067,1,0
2026-01-28T05:49:14,u04,US,atk-tr-1538,/api/reports,800,1,1
2026-01-19T03:15:16,u10,FR,dev-10-a,/api/reports,1155,1,0
2026-01-25T22:08:36,u03,BR,atk-5074,/api/orders,150,0,1
2026-01-27T23:52:34,u01,DE,dev-01-a,/api/orders,2529,1,0
2026-01-30T03:47:00,u11,US,dev-11-b,/api/documents/export,602015,1,1
2026-01-24T15:33:27,u10,FR,dev-10-a,/api/orders,1918,1,0
2026-01-17T07:40:57,u07,IE,atk-sh-6937,/api/orders,520,1,1
2026-01-20T13:00:23,u10,FR,dev-10-b,/api/search,773,1,0
2026-01-08T11:24:43,u03,DE,dev-new-8341,/api/search,866,1,0
2026-01-25T22:08:37,u03,BR,atk-5074,/api/search,150,0,1
2026-01-28T16:57:54,u12,ES,dev-12-b,/api/profile,3222,1,0
2026-01-15T12:51:35,u13,ES,dev-new-5141,/api/reports,4930,1,0
2026-01-02T09:05:56,u05,AU,atk-tr-3190,/api/documents,800,1,1
2026-01-12T00:43:51,u08,NG,atk-2371,/api/profile,150,0,1
2026-01-21T05:06:35,u05,GB,dev-05-b,/api/reports,758,1,0
2026-01-22T06:36:53,u02,RU,atk-7909,/api/reports,150,0,1
2026-01-02T18:05:52,u13,ES,dev-13-a,/api/system/backup,59284,1,1
2026-01-31T05:43:12,u12,NG,atk-2756,/api/reports,150,0,1
2026-01-22T09:00:13,u00,IE,dev-00-a,/api/profile,1634,1,0
2026-01-28T07:14:28,u00,IE,dev-00-a,/api/reports,2440,1,0
2026-01-08T16:47:13,u04,DE,dev-04-a,/api/profile,380,1,0
2026-01-06T00:48:30,u02,IE,dev-02-a,/api/orders,2439,1,0
2026-01-04T01:20:29,u03,DE,dev-03-a,/api/search,939,1,0
2026-01-22T12:41:31,u05,GB,dev-05-a,/api/documents,1859,1,0
2026-01-02T07:27:43,u06,IE,dev-06-a,/api/search,1042,1,0
2026-01-31T23:09:15,u03,DE,dev-03-b,/api/profile,5538,1,0
2026-01-27T09:26:46,u07,IE,dev-07-a,/api/profile,4436,1,0
2026-01-11T17:18:22,u08,IE,dev-08-b,/api/orders,819,1,0
2026-01-13T16:04:02,u14,DE,dev-new-8028,/api/documents,1520,1,0
2026-01-27T18:02:04,u00,IE,dev-00-a,/api/documents/export,176,1,0
2026-01-03T13:19:23,u11,US,dev-11-a,/api/system/backup,2993,1,0
2026-01-19T21:07:48,u11,US,dev-11-a,/api/profile,340,1,0
2026-01-02T21:57:57,u01,DE,dev-01-a,/api/reports,121,1,0
2026-01-29T08:56:42,u09,US,dev-09-b,/api/search,1306,1,0
2026-01-04T05:42:14,u10,US,atk-pe-5278,/api/config,800,1,1
2026-01-29T07:00:59,u03,NG,atk-1712,/api/documents,150,0,1
2026-01-27T16:56:58,u11,US,dev-11-b,/api/orders,2058,1,1
2026-01-19T11:41:01,u04,DE,dev-04-a,/api/profile,106,1,0
2026-01-30T22:49:50,u03,BR,atk-9180,/api/profile,150,0,1
2026-01-18T12:36:09,u00,IE,dev-00-a,/api/profile,603,1,0
2026-01-03T07:29:11,u05,GB,dev-05-a,/api/documents,1085,1,0
2026-01-22T10:48:22,u08,IE,dev-08-a,/api/orders,386,1,0
2026-01-20T00:27:51,u08,IE,dev-08-a,/api/system/backup,21167,1,1
2026-01-16T11:15:48,u11,RU,atk-7808,/api/profile,150,0,1
2026-01-07T01:49:22,u14,DE,dev-14-a,/api/profile,875,1,0
2026-01-23T03:09:10,u03,DE,dev-03-a,/api/orders,1048,1,0
2026-01-16T09:51:57,u05,GB,dev-05-a,/api/profile,20000,1,0
2026-01-10T01:59:07,u11,US,dev-11-b,/api/config,23139,1,1
2026-01-02T20:27:27,u00,IE,dev-00-a,/api/orders,110,1,0
2026-01-20T08:44:33,u01,DE,dev-01-a,/api/documents,15258,1,0
2026-01-28T11:22:57,u13,ES,dev-13-a,/api/documents,1228,1,0
2026-01-29T07:00:46,u03,NG,atk-1712,/api/reports,150,0,1
2026-01-18T10:45:17,u10,FR,dev-10-a,/api/documents,1167,1,0
2026-01-31T13:17:17,u09,US,dev-09-a,/api/documents,528,1,0
2026-01-04T06:17:21,u07,IE,dev-07-b,/api/search,4061,1,0
2026-01-23T19:30:33,u06,IE,dev-new-1550,/api/documents,1511,1,0
2026-01-12T03:18:37,u13,ES,dev-13-a,/api/profile,1242,1,0
2026-01-23T21:06:01,u07,IE,dev-07-a,/api/documents/export,9871,1,1
2026-01-15T01:45:49,u07,IE,dev-07-a,/api/reports,2116,1,0
2026-01-03T06:54:20,u13,ES,dev-13-a,/api/search,616,1,1
2026-01-05T04:59:08,u10,FR,dev-10-b,/api/search,706,1,0
2026-01-03T20:20:49,u02,IE,dev-02-a,/api/admin/users,800,1,1
2026-01-08T10:36:41,u12,US,atk-pe-1758,/api/system/backup,800,1,1
2026-01-27T00:15:42,u08,US,atk-tr-2296,/api/documents,800,1,1
2026-01-13T03:19:59,u14,DE,dev-14-a,/api/documents,2202,1,0
2026-01-15T17:26:14,u09,US,dev-09-b,/api/documents,738,1,0
2026-01-06T17:44:33,u07,IE,dev-07-a,/api/documents/export,56138,1,1
2026-01-14T08:53:27,u05,GB,dev-05-a,/api/orders,549,1,0
2026-01-30T01:22:29,u00,IE,dev-00-a,/api/orders,1989,1,1
2026-01-11T07:13:41,u09,US,dev-09-a,/api/documents,1343,1,0
2026-01-22T06:36:23,u02,RU,atk-7909,/api/profile,150,0,1
2026-01-25T15:17:39,u09,US,dev-09-a,/api/profile,1116,1,0
2026-01-02T01:23:21,u00,IE,dev-00-a,/api/search,3047,1,0
2026-01-23T11:28:55,u00,IE,dev-00-a,/api/reports,120,1,0
2026-01-08T19:53:39,u09,US,dev-new-8515,/api/documents,701,1,0
2026-01-27T04:53:51,u04,DE,dev-04-a,/api/search,242,1,0
2026-01-10T03:58:15,u08,IE,dev-08-b,/api/documents,1312,1,0
2026-01-29T12:00:42,u00,IE,dev-00-a,/api/profile,554,1,0
2026-01-18T15:43:50,u00,IE,dev-00-a,/api/reports,587,1,0
2026-01-04T07:08:25,u07,IE,dev-07-b,/api/admin/users,6048,1,0
2026-01-23T08:53:39,u02,IE,dev-02-a,/api/orders,3190,1,0
2026-01-19T22:31:02,u06,IE,dev-06-b,/api/orders,566,1,0
2026-01-21T16:54:33,u07,IE,dev-07-a,/api/profile,1561,1,0
2026-01-20T10:22:00,u07,IE,dev-07-b,/api/documents,1954,1,0
2026-01-05T18:39:27,u12,ES,dev-12-b,/api/documents,685,1,0
2026-01-02T07:41:07,u14,BR,atk-1667,/api/search,150,0,1
2026-01-16T01:26:23,u14,DE,dev-14-a,/api/orders,451,1,0
2026-01-20T02:34:08,u08,IE,dev-08-b,/api/documents/export,377407,1,1
2026-01-17T21:19:19,u09,US,dev-09-a,/api/admin/users,977,1,0
2026-01-09T13:45:23,u02,IE,dev-02-a,/api/admin/users,21591,1,1
2026-01-04T22:26:28,u13,ES,dev-13-a,/api/documents,1703,1,0
2026-01-03T21:06:48,u12,ES,dev-12-a,/api/profile,1127,1,0
2026-01-08T02:26:43,u13,ES,dev-13-a,/api/search,2748,1,0
2026-01-14T20:50:22,u12,ES,dev-12-a,/api/search,137,1,0
2026-01-18T04:40:06,u07,IE,dev-07-b,/api/documents,757,1,0
2026-01-25T00:29:34,u09,US,dev-09-a,/api/orders,3142,1,0
2026-01-11T00:44:18,u05,US,atk-tr-8424,/api/reports,800,1,1
2026-01-22T23:18:45,u08,IE,dev-08-a,/api/reports,3382,1,0
2026-01-25T03:30:18,u07,IE,dev-07-a,/api/search,105,1,0
2026-01-24T17:47:36,u04,DE,dev-04-a,/api/reports,4178,1,0
2026-01-15T15:03:01,u14,DE,dev-14-a,/api/reports,2635,1,0
2026-01-27T16:38:48,u04,DE,dev-04-a,/api/documents,519,1,0
2026-01-05T11:44:48,u14,DE,dev-14-a,/api/documents,212,1,0
2026-01-24T17:22:05,u11,US,dev-11-a,/api/orders,1677,1,0
2026-01-20T05:52:15,u10,FR,dev-10-b,/api/reports,3205,1,0
2026-01-21T21:57:13,u05,GB,dev-05-a,/api/documents,683,1,0
2026-01-31T18:06:34,u08,IE,dev-08-a,/api/search,2889,1,0
2026-01-11T02:49:03,u13,ES,dev-13-a,/api/documents,4258,1,0
2026-01-13T21:04:16,u12,ES,dev-12-b,/api/admin/users,3116,1,1
2026-01-26T17:34:39,u09,US,dev-09-b,/api/documents,5487,1,0
2026-01-31T03:13:10,u02,IE,dev-02-a,/api/orders,1619,1,0
2026-01-28T19:09:43,u14,DE,dev-14-a,/api/documents/export,36837,1,1
2026-01-14T22:23:03,u14,DE,dev-14-a,/api/search,1776,1,0
2026-01-23T07:06:44,u10,FR,dev-10-a,/api/reports,3412,1,0
2026-01-11T03:54:20,u12,US,atk-tr-4165,/api/documents,800,1,1
2026-01-16T14:25:05,u13,ES,dev-13-a,/api/reports,9411,1,1
2026-01-27T17:02:35,u02,IE,dev-02-a,/api/profile,755,1,0
2026-01-24T06:58:06,u10,FR,dev-10-a,/api/admin/users,529,1,0
2026-01-08T13:01:14,u11,US,dev-11-a,/api/orders,736,1,0
2026-01-15T08:58:20,u12,ES,dev-12-b,/api/orders,272,1,0
2026-01-04T23:49:55,u10,FR,dev-10-a,/api/documents/export,455047,1,1
2026-01-25T13:01:59,u04,JP,atk-tr-2412,/api/reports,800,1,1
2026-01-01T22:10:33,u07,US,atk-tr-7092,/api/profile,800,1,1
2026-01-18T21:08:44,u14,DE,dev-14-a,/api/profile,5242,1,0
2026-01-22T04:05:54,u09,US,dev-09-b,/api/profile,1690,1,1
2026-01-21T07:04:06,u06,IE,dev-06-a,/api/reports,315,1,0
2026-01-12T00:35:29,u05,GB,dev-05-b,/api/profile,1531,1,0
2026-01-30T22:49:38,u03,BR,atk-9180,/api/reports,150,0,1
2026-01-02T22:34:12,u12,ES,dev-12-a,/api/documents,671,1,0
2026-01-28T11:07:51,u03,DE,dev-03-b,/api/reports,925,1,0
2026-01-13T10:38:05,u09,US,dev-09-a,/api/system/backup,4422,1,0
2026-01-28T01:05:27,u02,IE,dev-02-a,/api/orders,1966,1,0
2026-01-19T23:25:53,u06,IE,dev-06-b,/api/reports,6391,1,0
2026-01-29T11:59:13,u11,US,dev-11-a,/api/documents/export,4002,1,0
2026-01-03T22:15:52,u11,US,dev-new-9076,/api/profile,1332,1,0
2026-01-05T02:07:33,u11,US,dev-11-b,/api/profile,640,1,0
2026-01-22T10:55:30,u06,IE,dev-06-a,/api/profile,4356,1,0
2026-01-17T03:16:35,u10,FR,dev-10-b,/api/orders,1934,1,0
2026-01-15T22:34:15,u06,IE,dev-06-b,/api/orders,910,1,0
2026-01-28T04:06:27,u07,IE,dev-07-a,/api/profile,575,1,0
2026-01-29T13:13:07,u09,US,dev-09-a,/api/search,979,1,0
2026-01-10T20:35:53,u10,FR,dev-10-a,/api/profile,20000,1,0
2026-01-22T03:21:46,u01,DE,dev-01-a,/api/documents/export,111529,1,1
2026-01-22T05:34:55,u11,US,dev-11-b,/api/reports,696,1,0
2026-01-13T00:00:43,u14,US,atk-tr-6041,/api/reports,800,1,1
2026-01-27T12:08:48,u07,IE,atk-sh-3548,/api/profile,818,1,1
2026-01-15T11:07:52,u02,IE,dev-02-a,/api/profile,4395,1,0
2026-01-09T00:40:31,u08,IE,dev-08-b,/api/search,1005,1,0
2026-01-27T16:56:02,u01,DE,dev-01-a,/api/orders,973,1,0
2026-01-24T00:46:37,u10,FR,dev-10-b,/api/profile,1668,1,0
2026-01-23T04:24:59,u03,DE,dev-03-b,/api/documents,497,1,0
2026-01-18T12:07:35,u07,IE,dev-07-b,/api/orders,1912,1,0
2026-01-17T07:17:06,u00,IE,dev-00-a,/api/documents,3109,1,0
2026-01-04T22:39:41,u12,ES,dev-12-b,/api/reports,5160,1,0
2026-01-17T03:25:33,u05,GB,atk-sh-6746,/api/search,3700,1,1
2026-01-15T02:17:07,u12,ES,dev-new-5420,/api/search,529,1,0
2026-01-12T17:38:33,u00,IE,dev-00-a,/api/orders,15314,1,0
2026-01-08T13:35:47,u06,FR,dev-06-a,/api/search,2430,1,0
2026-01-12T01:51:30,u12,ES,dev-12-b,/api/config,942,1,0
2026-01-02T17:34:21,u04,DE,dev-04-a,/api/profile,721,1,0
2026-01-25T22:43:16,u13,JP,atk-tr-8413,/api/search,800,1,1
2026-01-22T06:36:44,u02,RU,atk-7909,/api/reports,150,0,1
2026-01-05T22:54:25,u00,IE,atk-sh-3597,/api/reports,545,1,1
2026-01-02T08:28:02,u03,DE,dev-03-a,/api/documents/export,224,1,0
2026-01-16T08:48:27,u01,DE,dev-01-a,/api/reports,2235,1,0
2026-01-05T05:56:25,u10,FR,dev-10-a,/api/profile,985,1,0
2026-01-17T03:36:15,u07,IE,dev-07-b,/api/orders,2364,1,0
2026-01-20T02:04:45,u12,ES,dev-12-a,/api/profile,1033,1,0
2026-01-24T10:57:56,u06,IE,dev-06-b,/api/profile,497,1,0
2026-01-07T18:38:15,u13,ES,dev-13-a,/api/config,1381,1,0
2026-01-25T08:34:09,u11,US,dev-11-b,/api/documents,2192,1,0
2026-01-10T15:37:40,u13,ES,dev-13-a,/api/search,2022,1,0
2026-01-06T17:21:54,u11,US,dev-11-b,/api/documents,532,1,0
2026-01-03T06:18:00,u05,GB,dev-05-a,/api/reports,279,1,0
2026-01-15T04:03:45,u02,JP,atk-tr-1936,/api/reports,800,1,1
2026-01-14T20:03:08,u12,ES,dev-12-b,/api/orders,20000,1,0
2026-01-20T15:57:29,u10,FR,dev-10-b,/api/reports,1470,1,0
2026-01-20T18:08:45,u09,US,dev-09-a,/api/documents,1417,1,0
2026-01-29T14:26:34,u02,IE,dev-02-a,/api/documents,174,1,0
2026-01-08T15:39:46,u12,ES,dev-new-2147,/api/orders,3818,1,0
2026-01-26T08:38:34,u08,IE,dev-08-a,/api/profile,885,1,0
2026-02-01T03:22:12,u02,IE,dev-02-a,/api/orders,1494,1,0
2026-01-23T17:33:10,u04,DE,dev-04-a,/api/search,895,1,0
2026-01-18T09:50:37,u04,DE,dev-04-a,/api/documents,1810,1,0
2026-01-10T08:02:27,u02,IE,dev-02-a,/api/orders,8748,1,0
2026-01-30T08:07:29,u08,IE,dev-08-b,/api/reports,1107,1,0
2026-01-23T22:11:45,u03,DE,dev-03-b,/api/orders,329,1,0
2026-01-12T00:44:14,u08,NG,atk-2371,/api/documents,150,0,1
2026-01-19T15:24:18,u02,IE,dev-02-a,/api/admin/users,1290,1,0
2026-01-25T22:08:52,u03,BR,atk-5074,/api/orders,150,0,1
2026-01-24T16:20:08,u04,DE,dev-04-a,/api/documents,2299,1,0
2026-01-03T21:40:10,u11,US,dev-new-9346,/api/documents,4147,1,0
2026-01-11T01:48:33,u01,DE,dev-01-a,/api/documents,410,1,0
2026-01-20T04:57:11,u02,IE,dev-02-a,/api/profile,827,1,0
2026-01-24T08:27:11,u01,DE,dev-01-a,/api/orders,1349,1,0
2026-01-29T04:07:48,u04,DE,dev-04-a,/api/documents,3315,1,0
2026-01-24T16:37:29,u13,ES,dev-13-a,/api/profile,151,1,1
2026-01-29T01:11:43,u07,IE,dev-07-a,/api/reports,3093,1,0
2026-01-05T20:33:16,u12,ES,dev-12-b,/api/profile,2176,1,0
2026-01-08T18:55:17,u08,IE,dev-08-b,/api/documents,831,1,0
2026-01-22T05:17:28,u08,US,atk-pe-3868,/api/system/backup,800,1,1
2026-01-13T04:57:19,u07,IE,dev-new-2444,/api/reports,793,1,0
2026-01-16T08:41:38,u11,US,dev-new-5060,/api/documents,382,1,0
2026-01-25T22:17:56,u07,IE,dev-07-b,/api/search,4761,1,0
2026-01-29T19:27:47,u03,DE,dev-03-a,/api/documents/export,698826,1,1
2026-01-26T13:31:30,u00,IE,dev-00-a,/api/orders,2825,1,0
2026-01-16T19:24:40,u10,FR,dev-10-b,/api/reports,903,1,0
2026-01-20T07:32:40,u02,IE,dev-02-a,/api/search,863,1,0
2026-01-17T08:27:11,u04,DE,dev-04-a,/api/profile,1576,1,0
2026-01-07T12:15:02,u02,IE,dev-02-a,/api/search,586,1,0
2026-01-24T17:44:14,u04,DE,dev-04-a,/api/documents,4045,1,0
2026-01-11T11:22:58,u06,IE,dev-06-a,/api/search,2347,1,0
2026-01-25T16:06:22,u12,BR,atk-6614,/api/profile,150,0,1
2026-01-17T02:51:46,u09,US,atk-sh-7487,/api/profile,9085,1,1
2026-01-16T02:39:37,u03,DE,dev-03-b,/api/documents,837,1,0
2026-01-15T13:04:03,u04,DE,dev-04-a,/api/profile,2155,1,0
2026-01-31T11:46:22,u00,IE,dev-00-a,/api/search,856,1,0
2026-01-03T10:20:11,u12,ES,dev-12-b,/api/orders,3457,1,0
2026-01-30T07:41:20,u05,GB,dev-05-b,/api/documents,3194,1,0
2026-01-13T09:17:14,u11,US,dev-11-a,/api/orders,1535,1,0
2026-01-06T00:00:09,u03,DE,dev-03-b,/api/documents,1627,1,0
2026-01-19T00:23:34,u05,GB,dev-05-a,/api/profile,20000,1,0
2026-01-16T02:58:56,u04,DE,dev-04-a,/api/documents,303,1,0
2026-01-29T05:40:38,u14,DE,dev-14-a,/api/documents,588,1,0
2026-01-15T16:05:33,u08,IE,dev-08-b,/api/orders,477,1,0
2026-01-08T20:09:22,u08,US,atk-pe-5168,/api/config,800,1,1
2026-01-31T03:05:53,u02,IE,dev-02-a,/api/search,448,1,0
2026-01-15T13:19:15,u02,IE,dev-02-a,/api/orders,2037,1,0
2026-01-02T07:41:06,u14,BR,atk-1667,/api/orders,150,0,1
2026-01-22T16:59:54,u03,DE,dev-03-a,/api/reports,806,1,0
2026-01-18T09:48:29,u07,IE,dev-07-a,/api/search,981,1,0
2026-01-17T00:34:54,u13,ES,dev-13-a,/api/profile,2138,1,0
2026-01-06T06:48:17,u13,ES,dev-13-a,/api/profile,1343,1,0
2026-01-20T01:24:49,u01,DE,dev-01-a,/api/documents,311,1,0
2026-01-18T04:44:11,u11,US,dev-11-a,/api/search,870,1,0
2026-01-17T04:52:53,u07,IE,dev-new-8532,/api/config,1291,1,0
2026-01-04T11:12:12,u05,GB,dev-05-b,/api/system/backup,994,1,0
2026-01-29T20:10:33,u09,US,dev-09-a,/api/orders,1331,1,0
2026-01-03T01:38:33,u04,DE,dev-04-a,/api/search,3399,1,0
2026-01-15T16:03:18,u03,DE,dev-03-a,/api/reports,222,1,0
2026-01-12T05:19:15,u12,ES,dev-12-b,/api/profile,2860,1,1
2026-01-23T07:15:46,u10,FR,dev-10-a,/api/reports,1382,1,0
2026-01-12T11:13:24,u06,IE,dev-06-b,/api/documents,607,1,0
2026-01-01T17:31:02,u14,DE,dev-new-8541,/api/documents,3289,1,0
2026-01-08T11:34:47,u13,ES,atk-sh-5235,/api/documents,439,1,1
2026-01-29T07:00:43,u03,NG,atk-1712,/api/reports,150,0,1
2026-01-17T05:05:19,u04,DE,dev-04-a,/api/orders,4267,1,0
2026-01-14T06:32:45,u12,ES,dev-12-b,/api/admin/users,51350,1,1
2026-01-12T10:43:18,u12,ES,dev-12-a,/api/admin/users,35322,1,1
2026-01-11T15:00:42,u14,DE,dev-14-a,/api/profile,2038,1,0
2026-01-26T08:25:48,u08,IE,atk-pe-5119,/api/admin/users,800,1,1
2026-01-07T15:07:34,u04,DE,dev-04-a,/api/documents,783,1,0
2026-01-31T00:18:41,u04,JP,atk-tr-5036,/api/documents,800,1,1
2026-01-02T10:08:13,u06,RU,atk-8576,/api/orders,150,0,1
2026-01-04T15:31:21,u10,FR,dev-10-b,/api/documents,1208,1,0
2026-01-11T03:33:55,u06,IE,dev-06-a,/api/documents,2822,1,0
2026-01-22T06:50:27,u01,US,atk-tr-7206,/api/orders,800,1,1
2026-01-16T15:54:21,u06,IE,dev-06-b,/api/profile,560,1,0
2026-01-02T10:08:11,u06,RU,atk-8576,/api/orders,150,0,1
2026-01-04T09:07:56,u12,ES,dev-12-a,/api/orders,383,1,1
2026-01-28T00:05:33,u02,IE,dev-02-a,/api/reports,1610,1,0
2026-01-14T03:13:42,u03,DE,dev-03-b,/api/search,840,1,0
2026-01-09T23:27:25,u04,DE,dev-04-a,/api/search,4394,1,0
2026-01-22T06:36:38,u02,RU,atk-7909,/api/documents,150,0,1
2026-01-07T08:21:22,u03,DE,dev-03-b,/api/profile,986,1,0
2026-01-14T08:50:11,u14,DE,dev-14-a,/api/orders,2453,1,0
2026-01-12T08:27:43,u03,DE,dev-03-b,/api/profile,205,1,0
2026-01-04T04:49:13,u08,IE,dev-08-a,/api/search,556,1,0
2026-01-03T08:40:25,u12,ES,dev-12-a,/api/search,1583,1,0
2026-01-21T07:26:21,u00,IE,dev-00-a,/api/search,2755,1,0
2026-01-04T14:54:05,u11,US,atk-sh-7703,/api/profile,6745,1,1
2026-01-10T12:37:15,u13,ES,dev-new-3795,/api/orders,2365,1,0
2026-01-16T10:44:47,u12,ES,dev-12-b,/api/documents,460,1,0
2026-01-27T19:28:28,u05,GB,dev-05-a,/api/admin/users,925,1,0
2026-01-16T20:50:02,u11,US,dev-11-b,/api/profile,231,1,0
2026-01-16T12:04:41,u04,DE,dev-04-a,/api/documents,490,1,0
2026-01-22T18:09:25,u12,ES,dev-12-b,/api/documents/export,800,1,1
2026-01-27T02:00:29,u09,US,dev-09-b,/api/documents,1022,1,0
2026-01-14T06:51:32,u00,IE,dev-00-a,/api/search,3285,1,0
2026-01-03T01:37:37,u03,DE,dev-03-b,/api/orders,5650,1,0
2026-01-13T06:15:52,u03,DE,dev-03-b,/api/search,167,1,0
2026-01-09T09:09:25,u07,IE,dev-07-b,/api/documents,483,1,0
2026-01-28T00:45:18,u03,DE,dev-03-b,/api/reports,232,1,0
2026-01-22T06:36:29,u02,RU,atk-7909,/api/search,150,0,1
2026-01-26T07:26:13,u08,IE,dev-08-b,/api/documents/export,781,1,0
2026-01-10T00:09:45,u03,DE,atk-sh-3679,/api/search,671,1,1
2026-01-09T13:29:10,u00,IE,dev-00-a,/api/reports,1444,1,0
2026-01-16T01:16:40,u03,DE,atk-pe-3145,/api/documents/export,800,1,1
2026-01-09T18:39:27,u03,DE,dev-03-a,/api/reports,1394,1,0
2026-01-18T16:18:14,u11,US,dev-11-a,/api/profile,159,1,0
2026-01-07T21:24:15,u14,DE,dev-14-a,/api/profile,2660,1,0
2026-01-21T05:18:39,u09,US,dev-09-b,/api/orders,291,1,0
2026-01-20T09:20:37,u05,GB,dev-05-a,/api/search,1113,1,0
2026-01-14T02:37:21,u14,DE,dev-14-a,/api/orders,2222,1,0
2026-01-11T12:08:58,u10,FR,dev-10-a,/api/documents,366,1,1
2026-01-13T23:29:43,u12,ES,dev-12-b,/api/reports,627,1,0
2026-01-25T23:55:33,u02,IE,dev-02-a,/api/reports,2232,1,0
2026-01-20T12:52:27,u03,DE,dev-03-a,/api/orders,4561,1,0
2026-01-09T10:09:34,u13,ES,dev-13-a,/api/orders,499,1,0
2026-01-24T04:12:38,u03,DE,dev-03-b,/api/profile,846,1,0
2026-01-21T20:45:28,u07,IE,dev-07-b,/api/config,1093,1,0
2026-01-06T22:53:04,u07,IE,dev-07-b,/api/documents/export,620928,1,1
2026-01-10T07:01:45,u12,ES,dev-12-a,/api/reports,100,1,0
2026-01-13T19:50:43,u10,FR,dev-10-a,/api/reports,3473,1,0
2026-01-23T21:40:43,u02,NG,atk-9891,/api/documents,150,0,1
2026-01-12T00:07:12,u02,IE,dev-02-a,/api/profile,1013,1,0
2026-01-26T07:14:09,u08,IE,dev-08-a,/api/profile,3318,1,0
2026-01-11T16:53:43,u12,ES,dev-12-b,/api/reports,8664,1,0
2026-01-04T09:20:46,u04,DE,dev-04-a,/api/reports,3633,1,0
2026-01-20T04:26:37,u06,IE,dev-06-b,/api/reports,4510,1,0
2026-01-30T05:19:19,u03,DE,dev-03-a,/api/orders,580,1,0
2026-01-23T12:10:44,u14,DE,dev-14-a,/api/profile,2682,1,0
2026-01-06T07:32:29,u14,DE,dev-14-a,/api/documents,115,1,0
2026-01-02T04:13:25,u02,IE,dev-02-a,/api/reports,2801,1,0
2026-01-21T20:21:23,u02,IE,dev-02-a,/api/documents,2149,1,0
2026-01-25T12:54:53,u13,ES,dev-13-a,/api/reports,2142,1,0
2026-01-23T07:23:30,u10,FR,dev-10-a,/api/profile,1415,1,0
2026-01-25T07:34:23,u12,RU,dev-12-b,/api/system/backup,800,1,1
2026-01-25T03:18:12,u09,US,dev-09-b,/api/profile,802,1,0
2026-01-10T21:21:01,u01,DE,dev-01-a,/api/documents,1381,1,0
2026-01-27T03:23:09,u10,FR,dev-10-b,/api/orders,809,1,0
2026-01-19T07:45:45,u06,RU,atk-pe-2973,/api/admin/users,800,1,1
2026-01-13T22:35:01,u03,DE,dev-03-a,/api/documents/export,30317,1,1
2026-01-20T23:48:13,u01,RU,atk-5800,/api/profile,150,0,1
2026-01-14T23:01:17,u10,FR,dev-10-b,/api/profile,335,1,0
2026-01-02T06:44:42,u01,DE,dev-01-a,/api/orders,406,1,0
2026-01-05T12:49:50,u07,IE,dev-07-a,/api/reports,1960,1,0
2026-01-12T09:44:15,u12,ES,dev-12-b,/api/search,2248,1,0
2026-01-04T16:53:17,u11,IE,dev-11-b,/api/reports,1291,1,0
2026-01-06T18:59:30,u13,ES,dev-13-a,/api/system/backup,800,1,1
2026-01-30T22:49:37,u03,BR,atk-9180,/api/profile,150,0,1
2026-01-16T05:57:43,u06,IE,dev-06-b,/api/search,1814,1,0
2026-01-17T17:51:22,u06,IE,dev-06-b,/api/system/backup,316,1,0
2026-01-11T01:10:02,u12,ES,dev-12-a,/api/reports,480,1,0
2026-01-11T04:59:20,u08,IE,dev-08-a,/api/reports,966,1,0
2026-01-29T01:56:31,u04,DE,dev-04-a,/api/documents,831,1,0
2026-01-09T20:10:34,u08,IE,dev-08-b,/api/reports,562,1,0
2026-01-11T03:36:35,u03,DE,dev-03-b,/api/documents,2074,1,0
2026-01-11T06:35:24,u11,US,atk-tr-4672,/api/search,800,1,1
2026-01-17T19:36:18,u04,FR,dev-04-a,/api/orders,865,1,0
2026-01-25T06:32:01,u08,US,atk-tr-7270,/api/profile,800,1,1
2026-01-28T02:46:08,u07,IE,dev-07-a,/api/orders,7287,1,0
2026-01-27T20:03:11,u12,ES,dev-12-a,/api/profile,3921,1,0
2026-01-26T18:51:58,u04,DE,dev-04-a,/api/documents,1163,1,0
2026-01-16T18:40:47,u06,IE,dev-06-b,/api/profile,2558,1,0
2026-01-29T02:59:31,u03,JP,atk-tr-8210,/api/orders,800,1,1
2026-01-20T07:37:21,u04,DE,dev-04-a,/api/profile,100,1,0
2026-01-17T13:22:08,u14,DE,dev-14-a,/api/documents/export,225284,1,1
2026-01-04T14:59:39,u11,US,dev-11-a,/api/system/backup,36769,1,1
2026-01-03T02:10:25,u01,DE,dev-01-a,/api/documents/export,187391,1,1
2026-01-02T07:40:56,u14,BR,atk-1667,/api/reports,150,0,1
2026-01-16T21:21:50,u05,GB,dev-05-a,/api/documents,511,1,0
2026-01-05T15:12:02,u07,IE,dev-07-a,/api/reports,358,1,0
2026-01-21T09:11:03,u01,DE,dev-01-a,/api/profile,178,1,0
2026-01-08T15:40:07,u04,DE,dev-04-a,/api/system/backup,49199,1,1
2026-01-10T02:43:36,u07,IE,dev-07-b,/api/reports,1770,1,0
2026-01-13T11:12:52,u06,IE,dev-06-b,/api/profile,5769,1,0
2026-01-06T13:11:51,u08,IE,dev-08-a,/api/profile,2551,1,0
2026-01-24T11:25:54,u11,US,atk-sh-3940,/api/orders,707,1,1
2026-01-22T12:13:15,u02,RU,dev-02-a,/api/admin/users,800,1,1
2026-01-17T08:07:12,u07,IE,dev-07-b,/api/search,1663,1,0
2026-01-22T06:11:10,u06,IE,dev-06-a,/api/admin/users,13165,1,1
2026-01-17T10:59:54,u09,US,dev-09-a,/api/orders,794,1,0
2026-01-27T20:08:36,u07,IE,dev-07-b,/api/profile,1127,1,0
2026-01-26T03:05:46,u06,IE,dev-06-a,/api/documents,5328,1,0
2026-01-15T03:06:22,u14,FR,dev-14-a,/api/reports,810,1,0
2026-01-05T04:17:54,u13,ES,dev-13-a,/api/profile,745,1,0
2026-01-13T18:23:02,u10,FR,atk-pe-2966,/api/documents/export,800,1,1
2026-01-28T11:22:24,u07,IE,dev-07-a,/api/search,1021,1,0
2026-01-30T17:41:25,u07,IE,dev-07-b,/api/reports,11904,1,0
2026-01-19T11:16:30,u13,ES,atk-sh-9282,/api/profile,1775,1,1
2026-01-22T16:10:22,u03,DE,dev-03-b,/api/search,1633,1,0
2026-01-03T18:31:27,u05,GB,dev-05-a,/api/search,9222,1,0
2026-01-08T06:50:10,u06,IE,dev-06-a,/api/search,827,1,0
2026-01-03T08:56:40,u13,ES,dev-13-a,/api/search,617,1,0
2026-01-02T16:26:27,u14,DE,dev-14-a,/api/documents/export,351102,1,1
2026-01-26T00:25:56,u13,ES,dev-13-a,/api/search,2433,1,0
2026-01-29T06:06:53,u12,ES,dev-12-a,/api/orders,137,1,0
2026-01-05T12:32:41,u09,US,dev-09-b,/api/profile,1179,1,0
2026-01-31T05:43:11,u12,NG,atk-2756,/api/reports,150,0,1
2026-01-05T12:01:03,u04,JP,atk-tr-6993,/api/search,800,1,1
2026-01-19T04:22:43,u10,FR,dev-10-a,/api/search,2536,1,0
2026-01-29T07:00:40,u03,NG,atk-1712,/api/profile,150,0,1
2026-01-11T03:42:40,u02,IE,dev-02-a,/api/documents/export,800,1,1
2026-01-09T11:17:03,u08,IE,dev-08-a,/api/documents,893,1,0
2026-01-13T02:46:59,u10,RU,dev-10-b,/api/config,800,1,1
2026-01-25T16:06:12,u12,BR,atk-6614,/api/documents,150,0,1
2026-01-09T19:27:29,u12,ES,dev-12-a,/api/orders,1278,1,0
2026-01-11T17:10:00,u04,DE,dev-04-a,/api/admin/users,1978,1,0
2026-01-23T02:27:24,u00,IE,dev-00-a,/api/search,1926,1,0
2026-01-15T17:57:36,u13,ES,dev-13-a,/api/profile,3142,1,0
2026-01-13T16:08:52,u11,US,dev-11-b,/api/config,3246,1,0
2026-01-11T21:31:41,u13,US,dev-13-a,/api/search,1190,1,0
2026-01-15T16:26:51,u08,IE,dev-08-a,/api/reports,252,1,0
2026-01-27T00:13:06,u06,IE,dev-06-a,/api/orders,2161,1,0
2026-01-08T20:48:37,u08,IE,dev-08-b,/api/documents,581,1,0
2026-01-12T16:45:59,u02,IE,dev-02-a,/api/documents,668,1,0
2026-01-05T12:31:37,u14,DE,atk-pe-5944,/api/documents/export,800,1,1
2026-01-18T12:02:14,u11,US,dev-11-a,/api/search,5919,1,0
2026-01-25T09:33:37,u12,RU,atk-pe-1508,/api/config,800,1,1
2026-01-26T04:59:11,u09,US,dev-09-b,/api/reports,1680,1,0
2026-01-05T08:25:21,u04,DE,dev-04-a,/api/reports,3948,1,0
2026-01-05T03:58:02,u13,ES,dev-13-a,/api/search,1396,1,0
2026-01-13T00:55:21,u07,US,dev-07-b,/api/orders,6342,1,0
2026-01-24T02:25:34,u07,IE,dev-07-a,/api/reports,1293,1,1
2026-01-02T00:26:40,u10,FR,dev-10-b,/api/search,1095,1,0
2026-01-05T14:14:38,u10,FR,dev-10-b,/api/documents,371,1,0
2026-01-23T21:40:47,u02,NG,atk-9891,/api/profile,150,0,1
2026-01-16T23:19:34,u09,US,dev-09-a,/api/reports,957,1,0
2026-01-12T20:54:42,u00,IE,dev-00-a,/api/profile,1087,1,0
2026-01-16T12:13:32,u01,DE,dev-01-a,/api/profile,1247,1,0
2026-01-13T01:17:28,u04,DE,dev-04-a,/api/orders,3633,1,0
2026-01-18T10:49:02,u07,IE,dev-07-b,/api/orders,2796,1,0
2026-01-08T05:05:23,u07,IE,dev-07-b,/api/profile,1979,1,0
2026-01-03T22:52:53,u01,DE,dev-01-a,/api/search,907,1,0
2026-01-11T13:51:34,u05,GB,dev-05-b,/api/system/backup,2945,1,1
2026-01-23T23:00:19,u03,DE,dev-new-9848,/api/search,649,1,0
2026-01-05T16:31:53,u04,DE,dev-04-a,/api/documents,936,1,0
2026-01-30T15:52:51,u05,GB,dev-05-b,/api/search,805,1,0
2026-01-26T05:06:02,u01,FR,dev-01-a,/api/search,352,1,0
2026-01-10T08:24:15,u12,ES,dev-12-a,/api/orders,8268,1,0
2026-01-27T14:17:20,u06,IE,dev-06-a,/api/search,2502,1,0
2026-01-19T23:11:06,u14,DE,dev-14-a,/api/documents,439,1,0
2026-01-12T21:43:08,u11,US,dev-11-b,/api/orders,2611,1,0
2026-01-11T17:43:40,u07,IE,dev-07-b,/api/reports,462,1,0
2026-01-02T15:22:46,u12,ES,atk-sh-1558,/api/reports,1871,1,1
2026-01-20T02:09:30,u11,US,dev-11-a,/api/profile,1678,1,0
2026-01-29T00:42:49,u14,DE,dev-14-a,/api/search,951,1,1
2026-01-23T17:44:41,u12,JP,atk-tr-3764,/api/documents,800,1,1
2026-01-31T05:43:18,u12,NG,atk-2756,/api/documents,150,0,1
2026-01-24T08:33:02,u13,ES,dev-13-a,/api/orders,1980,1,0
2026-01-07T17:14:32,u10,FR,dev-10-b,/api/orders,1288,1,0
2026-01-16T06:26:45,u04,DE,dev-04-a,/api/profile,4413,1,0
2026-01-31T13:18:27,u14,DE,dev-14-a,/api/reports,1239,1,0
2026-01-29T11:56:31,u04,DE,dev-04-a,/api/reports,852,1,0
2026-01-07T18:57:48,u05,GB,dev-05-a,/api/reports,656,1,0
2026-01-29T08:51:53,u12,ES,dev-12-b,/api/reports,779,1,0
2026-01-12T22:52:26,u04,DE,dev-04-a,/api/search,3348,1,0
2026-01-21T00:48:34,u00,IE,dev-new-1772,/api/profile,1204,1,0
2026-01-17T23:35:21,u04,DE,dev-04-a,/api/search,2856,1,0
2026-01-14T15:18:05,u05,GB,dev-05-a,/api/documents,2510,1,0
2026-01-07T22:24:17,u11,US,dev-11-a,/api/orders,316,1,0
2026-01-27T00:45:21,u07,IE,dev-07-a,/api/reports,580,1,0
2026-01-18T12:49:19,u08,IE,dev-08-a,/api/documents,1062,1,0
2026-01-17T08:49:30,u01,DE,dev-01-a,/api/profile,3210,1,0
2026-01-03T09:12:34,u13,US,dev-13-a,/api/config,800,1,1
2026-01-04T16:16:57,u05,GB,dev-05-b,/api/profile,1374,1,0
2026-01-04T15:18:28,u05,GB,dev-05-a,/api/reports,2458,1,0
2026-01-30T12:11:15,u00,IE,dev-00-a,/api/search,1650,1,0
2026-01-27T04:00:44,u01,DE,dev-01-a,/api/orders,968,1,0
2026-01-31T13:35:02,u13,ES,dev-13-a,/api/reports,1092,1,0
2026-01-12T10:48:10,u13,ES,dev-13-a,/api/profile,791,1,0
2026-01-08T02:40:34,u14,DE,atk-sh-4122,/api/documents,1543,1,1
2026-01-12T07:50:22,u07,IE,dev-07-a,/api/search,4807,1,0
2026-01-31T07:36:47,u10,FR,dev-10-a,/api/profile,4552,1,0
2026-01-12T11:56:30,u01,DE,dev-new-5934,/api/profile,1948,1,0
2026-01-23T23:15:15,u12,ES,dev-12-a,/api/reports,633,1,0
2026-01-07T19:42:45,u04,DE,dev-04-a,/api/reports,4491,1,0
2026-01-23T02:42:53,u04,DE,dev-new-2025,/api/documents,689,1,0
2026-01-15T23:35:34,u07,IE,dev-07-a,/api/search,300,1,0
2026-01-02T13:22:41,u10,FR,dev-10-a,/api/orders,7629,1,0
2026-01-11T08:09:02,u04,DE,dev-04-a,/api/orders,983,1,0
2026-01-26T01:51:16,u08,IE,atk-sh-7433,/api/documents,583,1,1
2026-01-06T23:19:05,u01,DE,dev-01-a,/api/config,39254,1,1
2026-01-27T04:04:34,u00,IE,dev-00-a,/api/config,6340,1,0
2026-01-24T16:10:46,u01,DE,dev-01-a,/api/search,3642,1,0
2026-02-01T06:55:14,u00,IE,dev-00-a,/api/documents,1359,1,0
2026-01-03T19:19:23,u00,IE,dev-00-a,/api/documents/export,628695,1,1
2026-01-23T02:12:19,u11,US,dev-11-b,/api/reports,3153,1,0
2026-01-25T13:28:47,u14,DE,dev-14-a,/api/orders,633,1,0
2026-01-17T09:52:26,u13,ES,dev-13-a,/api/profile,273,1,0
2026-01-07T20:12:15,u14,DE,dev-14-a,/api/documents,1026,1,0
2026-01-31T19:48:30,u13,ES,dev-13-a,/api/reports,1291,1,0
2026-01-11T08:32:32,u05,GB,dev-05-b,/api/profile,2380,1,0
2026-01-29T20:19:38,u12,ES,dev-12-a,/api/reports,317,1,0
2026-01-10T18:51:10,u14,DE,dev-14-a,/api/reports,1584,1,0
2026-01-13T02:26:50,u04,DE,dev-new-3643,/api/reports,1418,1,0
2026-01-08T10:39:30,u02,IE,atk-sh-2605,/api/profile,305,1,1
2026-01-30T01:48:06,u09,US,dev-09-b,/api/reports,1253,1,0
2026-01-17T18:52:01,u13,ES,dev-13-a,/api/reports,1156,1,0
2026-01-07T10:19:20,u08,IE,dev-08-a,/api/orders,183,1,0
2026-01-21T22:13:17,u07,IE,dev-07-b,/api/profile,1010,1,0
2026-01-28T10:52:24,u00,IE,dev-00-a,/api/documents,2118,1,0
2026-01-09T15:18:10,u02,IE,dev-02-a,/api/profile,1784,1,0
2026-01-29T08:42:43,u11,US,dev-11-a,/api/profile,316,1,0
2026-01-05T02:20:45,u03,DE,dev-03-a,/api/reports,572,1,0
2026-01-08T16:17:36,u12,ES,dev-12-a,/api/orders,5986,1,0
2026-01-16T19:08:24,u12,ES,dev-12-a,/api/orders,539,1,0
2026-01-12T04:10:02,u06,IE,dev-06-b,/api/reports,9552,1,0
2026-01-18T18:15:08,u02,IE,dev-02-a,/api/profile,2582,1,0
2026-01-25T10:31:29,u08,IE,dev-08-a,/api/reports,1261,1,1
2026-01-02T12:45:24,u14,DE,dev-14-a,/api/search,992,1,0
2026-01-22T06:41:42,u10,FR,dev-10-b,/api/documents,1165,1,0
2026-01-21T16:43:03,u14,DE,dev-14-a,/api/search,376,1,0
2026-01-18T02:15:46,u06,IE,dev-06-b,/api/profile,2664,1,0
2026-01-11T08:12:21,u13,ES,dev-13-a,/api/profile,360,1,0
2026-01-05T05:29:41,u01,DE,dev-01-a,/api/reports,1578,1,0
2026-01-02T07:40:52,u14,BR,atk-1667,/api/orders,150,0,1
2026-01-19T13:22:59,u12,ES,dev-12-a,/api/profile,1030,1,0
2026-01-12T16:25:02,u01,DE,dev-01-a,/api/profile,2468,1,0
2026-01-25T22:08:48,u03,BR,atk-5074,/api/documents,150,0,1
2026-01-26T23:13:14,u12,ES,dev-12-b,/api/documents,1052,1,0
2026-01-28T03:41:10,u08,IE,dev-08-a,/api/documents,1424,1,0
2026-01-10T11:46:27,u09,US,dev-09-b,/api/documents,3260,1,0
2026-01-31T05:42:53,u12,NG,atk-2756,/api/documents,150,0,1
2026-01-19T04:20:24,u05,GB,dev-05-a,/api/search,768,1,0
2026-01-16T23:28:25,u06,IE,dev-06-a,/api/profile,358,1,1
2026-01-29T11:59:46,u00,IE,dev-00-a,/api/search,1342,1,0
2026-01-14T09:44:19,u05,GB,atk-sh-9175,/api/documents,475,1,1
2026-01-09T03:28:10,u08,IE,dev-08-a,/api/documents/export,285861,1,1
2026-01-29T09:56:32,u14,DE,dev-14-a,/api/admin/users,37947,1,1
2026-01-08T10:35:43,u04,DE,dev-04-a,/api/documents/export,156607,1,1
2026-01-03T14:00:15,u00,IE,dev-00-a,/api/reports,1699,1,0
2026-01-23T01:03:48,u09,US,dev-new-1032,/api/orders,5581,1,0
2026-01-18T01:34:59,u05,GB,dev-05-a,/api/search,2631,1,0
2026-01-14T17:55:16,u14,DE,dev-14-a,/api/documents,1616,1,0
2026-01-04T21:14:22,u04,DE,dev-04-a,/api/orders,648,1,0
2026-01-03T03:31:03,u13,ES,dev-13-a,/api/reports,1394,1,0
2026-01-24T06:31:36,u07,IE,dev-07-a,/api/reports,350,1,0
2026-01-11T22:03:08,u04,DE,dev-04-a,/api/reports,1573,1,0
2026-01-17T05:14:28,u14,DE,dev-14-a,/api/search,1767,1,0
2026-01-21T12:19:20,u01,DE,dev-new-6930,/api/profile,1737,1,0
2026-01-23T02:47:43,u13,ES,dev-13-a,/api/reports,2038,1,0
2026-01-26T15:57:24,u13,ES,dev-13-a,/api/profile,4275,1,0
2026-01-06T14:21:40,u03,DE,dev-03-b,/api/search,1659,1,0
2026-01-16T22:37:25,u13,ES,dev-13-a,/api/config,918,1,0
2026-01-23T22:41:07,u10,FR,dev-10-a,/api/profile,1089,1,0
2026-01-12T11:32:11,u08,IE,dev-08-a,/api/profile,1395,1,0
2026-01-28T11:58:31,u11,US,dev-11-b,/api/orders,422,1,0
2026-01-20T16:14:49,u10,FR,dev-10-b,/api/documents/export,673782,1,1
2026-01-17T03:26:58,u14,IN,dev-14-a,/api/documents,5130,1,0
2026-01-17T03:09:41,u08,IE,dev-08-a,/api/profile,817,1,0
2026-01-28T01:11:37,u01,DE,dev-01-a,/api/documents,499,1,1
2026-01-06T19:14:22,u02,IE,dev-02-a,/api/search,4513,1,0
2026-01-23T11:29:52,u10,FR,dev-10-a,/api/reports,805,1,0
2026-01-18T12:29:43,u07,IE,dev-07-a,/api/search,3455,1,0
2026-01-28T11:04:08,u09,US,dev-09-a,/api/orders,280,1,0
2026-01-10T10:34:38,u04,DE,dev-04-a,/api/reports,1865,1,0
2026-01-22T12:01:34,u12,ES,dev-12-b,/api/search,1066,1,0
2026-01-31T07:33:22,u03,US,dev-03-b,/api/config,800,1,1
2026-01-04T00:17:39,u13,ES,dev-13-a,/api/reports,934,1,0
2026-01-30T17:32:32,u12,ES,dev-12-a,/api/documents,4410,1,0
2026-01-20T01:46:52,u08,IE,dev-08-b,/api/documents,2401,1,0
2026-01-25T16:06:15,u12,BR,atk-6614,/api/reports,150,0,1
2026-01-31T19:18:57,u06,IE,dev-06-b,/api/documents,6395,1,0
2026-01-24T05:02:52,u04,DE,atk-sh-3250,/api/orders,540,1,1
2026-01-22T07:23:32,u05,GB,dev-05-b,/api/documents,707,1,0
2026-01-26T01:42:15,u05,GB,dev-05-b,/api/orders,138,1,0
2026-01-15T14:01:09,u02,IE,dev-02-a,/api/search,1272,1,0
2026-01-18T04:17:56,u10,FR,dev-10-b,/api/documents,803,1,0
2026-01-26T05:07:54,u11,US,dev-11-a,/api/documents,303,1,0
2026-01-03T08:43:07,u05,GB,dev-05-a,/api/search,970,1,0
2026-01-23T21:51:22,u00,IE,dev-00-a,/api/profile,128,1,0
2026-01-17T07:43:11,u11,US,dev-11-a,/api/profile,828,1,0
2026-01-09T02:12:07,u13,ES,dev-13-a,/api/profile,783,1,0
2026-01-24T00:53:46,u14,DE,dev-14-a,/api/profile,1127,1,0
2026-01-05T18:35:39,u09,US,dev-09-a,/api/orders,3774,1,0
2026-01-31T06:30:19,u05,GB,dev-05-b,/api/profile,1497,1,0
2026-01-12T10:51:14,u14,DE,dev-14-a,/api/orders,2821,1,0
2026-01-20T14:38:22,u11,US,dev-11-a,/api/search,2110,1,0
2026-01-17T08:43:45,u11,US,dev-11-a,/api/profile,935,1,0
2026-01-12T00:02:13,u14,DE,dev-14-a,/api/documents,3382,1,0
2026-01-23T06:40:53,u12,ES,dev-12-a,/api/documents,362,1,0
2026-01-16T11:07:18,u00,IE,dev-00-a,/api/profile,862,1,0
2026-01-02T07:41:11,u14,BR,atk-1667,/api/profile,150,0,1
2026-01-27T09:50:33,u10,FR,dev-10-b,/api/profile,1303,1,0
2026-01-17T15:50:07,u03,DE,dev-03-b,/api/orders,690,1,0
2026-01-08T14:45:32,u01,US,atk-tr-4868,/api/reports,800,1,1
2026-01-29T17:15:20,u00,US,atk-tr-7153,/api/reports,800,1,1
2026-01-27T12:55:09,u14,DE,atk-sh-4182,/api/profile,3496,1,1
2026-01-30T19:47:34,u10,FR,dev-10-a,/api/profile,1211,1,0
2026-01-25T10:41:47,u02,IE,dev-02-a,/api/documents,862,1,0
2026-01-17T17:25:59,u09,US,dev-09-b,/api/reports,1355,1,0
2026-01-15T18:58:38,u01,DE,dev-01-a,/api/search,3949,1,0
2026-01-25T16:06:23,u12,BR,atk-6614,/api/orders,150,0,1
2026-01-15T20:47:50,u14,DE,dev-14-a,/api/search,857,1,0
2026-01-19T00:34:50,u11,US,dev-11-b,/api/search,1229,1,0
2026-01-18T08:28:40,u12,ES,dev-new-5302,/api/documents,1639,1,0
2026-01-19T00:29:00,u13,ES,dev-13-a,/api/admin/users,933,1,0
2026-01-12T01:54:31,u08,IE,dev-08-a,/api/search,929,1,0
2026-01-28T08:34:37,u10,FR,dev-10-a,/api/documents,1030,1,0
2026-01-26T03:38:42,u00,IE,dev-00-a,/api/profile,695,1,0
2026-01-07T11:03:39,u02,IE,dev-02-a,/api/search,1433,1,0
2026-01-24T14:57:30,u10,FR,dev-10-b,/api/search,2387,1,0
2026-01-11T06:04:03,u00,IE,atk-sh-8961,/api/documents,1269,1,1
2026-01-26T17:36:43,u07,IE,dev-07-b,/api/documents/export,370613,1,1
2026-01-03T03:29:21,u13,ES,dev-13-a,/api/reports,147,1,0
2026-01-03T21:41:21,u11,US,dev-11-b,/api/documents,629,1,0
2026-01-25T04:06:48,u05,GB,dev-05-a,/api/reports,2865,1,0
2026-01-29T19:08:10,u07,IE,dev-07-a,/api/reports,2623,1,0
2026-01-14T04:06:05,u08,IE,dev-08-b,/api/reports,12974,1,1
2026-01-31T06:53:06,u06,IE,dev-06-a,/api/orders,2164,1,0
2026-01-22T13:35:40,u04,DE,atk-sh-2740,/api/search,470,1,1
2026-01-17T08:18:42,u13,JP,atk-tr-3525,/api/profile,800,1,1
2026-01-22T08:22:36,u04,DE,dev-04-a,/api/reports,1936,1,0
2026-01-22T00:31:12,u02,IE,dev-02-a,/api/orders,1474,1,0
2026-01-19T17:02:16,u03,DE,dev-03-b,/api/search,599,1,0
2026-01-06T21:47:57,u06,IE,dev-06-b,/api/documents/export,800,1,1
2026-01-24T13:13:05,u10,FR,atk-sh-4015,/api/profile,206,1,1
2026-01-26T08:31:47,u08,IE,dev-08-b,/api/search,1404,1,0
2026-01-20T13:27:16,u07,IE,dev-07-b,/api/profile,359,1,0
2026-01-11T05:09:04,u09,US,dev-09-a,/api/documents,2873,1,0
2026-01-29T08:20:48,u06,IE,dev-06-b,/api/profile,2320,1,0
2026-01-12T23:52:26,u08,IE,dev-08-b,/api/profile,4625,1,0
2026-01-25T12:41:16,u11,US,dev-11-b,/api/documents,579,1,0
2026-01-19T14:56:20,u11,US,dev-11-a,/api/search,1516,1,0
2026-01-23T03:48:10,u05,GB,dev-05-a,/api/documents/export,25506,1,1
2026-01-16T06:58:49,u05,GB,dev-05-a,/api/documents,159,1,0
2026-01-05T05:43:43,u08,IE,dev-08-b,/api/profile,20000,1,0
2026-01-18T23:55:51,u11,US,dev-11-a,/api/reports,20000,1,0
2026-01-23T05:27:14,u10,FR,dev-10-b,/api/documents,3483,1,0
2026-01-11T06:20:43,u14,DE,dev-14-a,/api/search,1091,1,0
2026-01-29T16:39:59,u13,ES,dev-13-a,/api/documents,762,1,0
2026-01-31T21:42:19,u03,DE,dev-03-a,/api/documents,872,1,0
2026-01-05T12:24:36,u05,GB,dev-05-b,/api/search,3048,1,0
2026-01-03T12:05:55,u08,IE,dev-08-b,/api/documents,503,1,0
2026-01-31T01:43:32,u13,ES,dev-new-1177,/api/documents,1490,1,0
2026-01-27T02:40:06,u03,DE,dev-03-a,/api/reports,661,1,0
2026-01-26T06:16:05,u07,IE,dev-07-b,/api/profile,397,1,0
2026-01-31T05:43:03,u12,NG,atk-2756,/api/documents,150,0,1
2026-01-21T20:01:45,u02,IE,dev-02-a,/api/orders,1347,1,0
2026-01-01T15:24:12,u09,RU,dev-09-a,/api/admin/users,800,1,1
2026-01-12T09:54:20,u12,ES,dev-12-b,/api/orders,1320,1,0
2026-01-17T14:03:47,u01,DE,dev-01-a,/api/orders,761,1,0
2026-01-15T06:55:04,u04,DE,dev-04-a,/api/orders,4936,1,0
2026-01-12T16:06:38,u07,IE,dev-07-a,/api/orders,517,1,0
2026-01-29T07:00:52,u03,NG,atk-1712,/api/profile,150,0,1
2026-01-09T17:35:43,u00,IE,dev-00-a,/api/search,748,1,0
2026-01-10T17:09:56,u13,ES,dev-13-a,/api/search,483,1,0
2026-01-30T18:32:28,u11,US,dev-11-a,/api/profile,436,1,0
2026-01-18T11:57:18,u12,ES,dev-12-a,/api/documents,100,1,0
2026-01-31T11:47:21,u11,US,dev-11-a,/api/documents,199,1,0
2026-01-02T10:08:09,u06,RU,atk-8576,/api/documents,150,0,1
2026-01-12T00:33:22,u09,US,dev-09-b,/api/profile,566,1,0
2026-01-15T04:40:18,u04,DE,dev-04-a,/api/reports,472,1,0
2026-01-20T23:48:19,u01,RU,atk-5800,/api/search,150,0,1
2026-01-08T09:44:24,u08,IE,dev-new-8933,/api/orders,468,1,0
2026-01-31T12:11:58,u01,DE,dev-01-a,/api/reports,347,1,0
2026-01-31T11:25:39,u11,US,dev-11-a,/api/search,3012,1,0
2026-01-12T07:42:50,u09,US,dev-09-a,/api/orders,3402,1,0
2026-01-11T18:48:08,u04,DE,dev-04-a,/api/config,422,1,0
2026-01-03T13:39:17,u07,IE,dev-07-b,/api/search,1731,1,0
2026-01-19T08:14:33,u07,IE,dev-07-a,/api/profile,452,1,1
2026-01-19T12:53:14,u00,IE,dev-00-a,/api/documents,435,1,0
2026-01-28T02:16:25,u06,IE,dev-06-a,/api/search,1359,1,0
2026-02-01T00:00:05,u12,ES,dev-new-2967,/api/search,1813,1,0
2026-01-01T23:55:32,u00,IE,dev-00-a,/api/documents,1070,1,0
2026-01-05T19:37:31,u08,IE,dev-08-a,/api/documents,1934,1,0
2026-01-22T06:36:52,u02,RU,atk-7909,/api/orders,150,0,1
2026-01-21T22:02:18,u08,IN,dev-08-b,/api/orders,984,1,0
2026-01-26T19:21:44,u08,IE,dev-08-a,/api/documents,341,1,0
2026-01-30T11:35:24,u09,US,dev-09-b,/api/orders,5695,1,0
2026-01-18T13:07:06,u00,IE,dev-00-a,/api/profile,10868,1,0
2026-01-09T16:52:51,u14,DE,dev-14-a,/api/profile,1543,1,0
2026-01-13T19:34:07,u08,IE,dev-08-b,/api/search,1117,1,0
2026-01-20T07:59:17,u04,DE,dev-04-a,/api/orders,602,1,0
2026-01-13T15:04:14,u04,DE,dev-04-a,/api/profile,2815,1,0
2026-01-03T17:57:07,u08,IE,dev-new-9874,/api/profile,4530,1,0
2026-01-19T17:10:24,u04,DE,dev-04-a,/api/admin/users,684,1,0
2026-01-09T05:54:17,u05,GB,dev-05-a,/api/orders,967,1,0
2026-01-12T02:24:54,u05,GB,dev-05-b,/api/system/backup,21747,1,1
2026-01-22T06:36:49,u02,RU,atk-7909,/api/profile,150,0,1
2026-01-15T05:21:49,u11,US,dev-11-a,/api/reports,1507,1,0
2026-01-30T22:49:41,u03,BR,atk-9180,/api/orders,150,0,1
2026-01-05T13:49:19,u14,DE,dev-14-a,/api/system/backup,962,1,0
2026-01-25T10:17:39,u14,DE,dev-14-a,/api/documents,986,1,0
2026-01-22T12:09:38,u05,AU,atk-tr-6931,/api/profile,800,1,1
2026-01-29T12:40:26,u02,IE,dev-02-a,/api/documents,1560,1,0
2026-01-20T17:39:12,u12,ES,dev-12-b,/api/documents,390,1,0
2026-01-28T02:44:20,u01,DE,dev-01-a,/api/search,416,1,0
2026-01-05T22:36:26,u07,IE,dev-07-b,/api/documents,1140,1,0
2026-01-15T11:19:14,u09,US,dev-09-b,/api/reports,766,1,0
2026-01-29T12:26:40,u11,US,dev-11-a,/api/reports,100,1,0
2026-01-25T06:48:08,u14,DE,dev-14-a,/api/documents,3021,1,0
2026-01-10T06:17:51,u09,US,dev-09-b,/api/search,1132,1,0
2026-01-02T20:15:24,u09,US,dev-09-a,/api/reports,739,1,0
2026-01-02T18:51:46,u07,IE,dev-07-a,/api/orders,384,1,1
2026-01-08T04:21:35,u08,IE,dev-08-a,/api/search,1134,1,0
2026-01-11T17:18:24,u12,ES,dev-12-a,/api/documents,302,1,0
2026-01-23T02:53:55,u14,DE,dev-14-a,/api/orders,2972,1,0
2026-01-07T07:23:54,u11,US,dev-11-a,/api/profile,658,1,0
2026-01-02T20:01:21,u05,GB,dev-05-b,/api/search,2039,1,0
2026-01-18T20:46:28,u08,RU,dev-08-a,/api/system/backup,800,1,1
2026-01-22T00:01:08,u11,US,dev-11-a,/api/search,1835,1,0
2026-01-18T11:17:30,u05,GB,dev-05-a,/api/search,1174,1,0
2026-01-26T21:31:50,u12,ES,dev-12-b,/api/documents/export,174609,1,1
2026-01-25T21:55:42,u10,FR,dev-10-a,/api/documents,513,1,0
2026-01-15T00:02:43,u12,ES,dev-12-b,/api/search,1516,1,0
2026-01-17T21:41:02,u08,IE,dev-08-b,/api/admin/users,48405,1,1
2026-01-30T01:55:59,u04,DE,dev-04-a,/api/search,1604,1,0
2026-01-13T13:44:46,u14,DE,dev-14-a,/api/documents,797,1,0
2026-01-29T03:30:57,u09,US,dev-09-b,/api/reports,6723,1,0
2026-01-15T20:22:55,u08,IE,dev-08-a,/api/reports,558,1,0
2026-01-19T14:39:24,u13,ES,dev-13-a,/api/orders,928,1,0
2026-01-04T21:26:03,u02,DE,dev-02-a,/api/profile,2458,1,0
2026-01-13T01:12:10,u02,IE,atk-sh-1698,/api/orders,1354,1,1
2026-01-21T08:08:54,u05,GB,dev-05-b,/api/documents,1145,1,0
2026-01-24T18:59:47,u01,DE,dev-01-a,/api/documents/export,800,1,1
2026-01-29T05:38:16,u05,ES,dev-05-b,/api/orders,852,1,0
2026-01-29T14:23:41,u05,GB,dev-05-b,/api/reports,4914,1,0
2026-01-09T15:16:54,u07,IE,dev-07-a,/api/profile,151,1,0
2026-01-12T23:49:18,u05,GB,dev-05-a,/api/documents,1059,1,0
2026-01-13T08:50:19,u05,GB,dev-05-b,/api/documents,1981,1,0
2026-01-15T16:21:38,u13,US,atk-pe-9420,/api/system/backup,800,1,1
2026-01-12T03:31:01,u04,DE,dev-04-a,/api/documents/export,435688,1,1
2026-01-30T20:35:11,u07,IE,dev-07-a,/api/documents,443,1,0
2026-01-10T14:22:33,u11,RU,dev-11-b,/api/system/backup,800,1,1
2026-01-06T20:20:56,u07,IE,dev-07-b,/api/orders,474,1,0
2026-01-14T06:49:14,u00,JP,atk-tr-9395,/api/orders,800,1,1
2026-01-23T21:40:34,u02,NG,atk-9891,/api/documents,150,0,1
2026-01-22T14:00:49,u02,IE,dev-new-1143,/api/reports,1906,1,0
2026-01-23T02:00:16,u06,IE,dev-new-2737,/api/search,1010,1,0
2026-01-12T10:16:31,u02,IE,dev-02-a,/api/orders,5932,1,0
2026-01-09T01:46:43,u12,ES,dev-12-a,/api/search,1886,1,0
2026-01-19T11:24:31,u04,DE,dev-04-a,/api/profile,2901,1,0
2026-01-29T12:20:48,u08,IE,dev-08-b,/api/search,772,1,0
2026-01-03T10:08:38,u06,IE,dev-06-a,/api/profile,615,1,0
2026-01-21T13:55:05,u10,FR,dev-10-b,/api/documents,1507,1,0
2026-01-27T13:12:22,u01,DE,dev-01-a,/api/profile,785,1,0
2026-01-29T18:19:19,u00,IE,dev-00-a,/api/orders,702,1,0
2026-01-31T15:02:03,u03,DE,dev-03-a,/api/reports,2176,1,0
2026-01-21T07:33:09,u00,IE,atk-sh-5876,/api/orders,1896,1,1
2026-01-11T14:58:49,u02,IE,dev-02-a,/api/orders,416,1,1
2026-01-21T18:37:28,u11,JP,atk-tr-1899,/api/orders,800,1,1
2026-01-08T21:20:21,u08,IE,dev-08-a,/api/documents,976,1,1
2026-01-02T16:28:57,u00,IE,dev-00-a,/api/profile,3560,1,0
2026-01-04T12:23:58,u01,DE,dev-new-2482,/api/documents,2423,1,0
2026-01-21T10:29:48,u01,DE,dev-01-a,/api/profile,9129,1,0
2026-01-22T06:36:41,u02,RU,atk-7909,/api/documents,150,0,1
2026-01-21T07:21:08,u10,FR,dev-10-b,/api/search,520,1,0
2026-01-29T00:48:12,u11,US,dev-11-b,/api/search,8418,1,0
2026-01-23T01:00:01,u08,IE,dev-08-b,/api/reports,726,1,0
2026-01-08T16:29:12,u09,US,dev-09-a,/api/profile,360,1,0
2026-01-31T09:35:17,u14,DE,dev-14-a,/api/search,320,1,0
2026-01-03T01:01:22,u03,DE,dev-03-a,/api/profile,1177,1,0
2026-01-24T19:54:29,u07,IE,dev-07-b,/api/orders,442,1,0
2026-01-30T10:29:22,u01,DE,dev-01-a,/api/documents,2984,1,0
2026-01-09T09:39:10,u02,IE,dev-02-a,/api/reports,3387,1,0
2026-01-16T06:22:58,u01,DE,dev-01-a,/api/reports,1119,1,0
2026-01-07T23:39:44,u14,DE,dev-14-a,/api/config,1052,1,0
2026-01-26T17:24:24,u07,IE,dev-07-b,/api/search,240,1,0
2026-01-30T22:50:00,u03,BR,atk-9180,/api/reports,150,0,1
2026-01-25T08:47:46,u06,IE,dev-06-a,/api/profile,1278,1,0
2026-01-19T22:20:56,u06,IE,dev-06-b,/api/profile,1168,1,0
2026-01-10T04:48:27,u04,DE,dev-04-a,/api/search,1876,1,0
2026-01-02T20:49:35,u13,ES,dev-13-a,/api/reports,801,1,0
2026-01-11T23:39:46,u03,DE,dev-03-a,/api/orders,1631,1,0
2026-01-27T05:09:13,u06,IE,dev-06-a,/api/orders,1744,1,0
2026-01-09T01:01:45,u14,DE,dev-14-a,/api/profile,18492,1,0
2026-01-13T18:10:31,u03,DE,dev-03-b,/api/documents/export,3291,1,0
2026-01-29T06:46:12,u03,DE,dev-03-a,/api/reports,1228,1,0
2026-01-22T22:58:32,u08,IE,dev-08-b,/api/reports,1328,1,0
2026-01-21T10:03:43,u09,US,dev-09-a,/api/reports,1112,1,0
2026-01-28T20:41:19,u09,US,dev-09-a,/api/orders,1869,1,0
2026-01-22T20:51:45,u08,US,atk-pe-9894,/api/system/backup,800,1,1
2026-01-29T02:19:50,u07,IE,dev-07-a,/api/documents,155,1,1
2026-01-14T08:24:20,u00,IE,dev-00-a,/api/search,5011,1,0
2026-01-03T19:27:04,u07,IE,dev-07-b,/api/documents,1008,1,0
2026-01-08T05:09:32,u14,DE,dev-14-a,/api/reports,1451,1,0
2026-01-02T17:17:53,u13,ES,dev-13-a,/api/profile,2241,1,0
2026-01-29T03:37:32,u01,DE,dev-01-a,/api/reports,966,1,0
2026-01-28T02:36:33,u09,US,dev-09-a,/api/reports,353,1,0
2026-01-03T10:27:54,u02,IE,dev-02-a,/api/reports,100,1,0
2026-01-28T14:17:22,u07,IE,dev-07-a,/api/orders,2302,1,0
2026-01-06T14:15:35,u00,IE,dev-00-a,/api/orders,465,1,0
2026-01-07T17:53:36,u02,IE,dev-02-a,/api/reports,4876,1,0
2026-01-23T08:22:27,u03,ES,dev-03-b,/api/profile,607,1,0
2026-01-12T16:11:51,u03,DE,dev-03-a,/api/documents,1587,1,0
2026-01-23T00:42:19,u05,GB,dev-05-a,/api/reports,1181,1,1
2026-01-03T10:50:32,u04,DE,dev-04-a,/api/reports,3969,1,0
2026-01-23T21:40:42,u02,NG,atk-9891,/api/profile,150,0,1
2026-01-24T12:48:40,u05,GB,dev-05-a,/api/profile,1710,1,0
2026-01-27T23:45:15,u10,FR,dev-10-b,/api/documents,1898,1,0
2026-01-24T01:22:08,u00,IE,dev-00-a,/api/search,1363,1,0
2026-01-30T19:37:24,u07,IE,dev-07-b,/api/search,908,1,0
2026-01-04T08:27:48,u05,GB,dev-05-b,/api/profile,453,1,0
2026-01-04T16:35:35,u03,DE,dev-03-b,/api/system/backup,42750,1,1
2026-01-25T19:59:23,u05,GB,dev-05-a,/api/orders,952,1,0
2026-01-30T01:44:50,u12,ES,dev-12-b,/api/orders,208,1,1
2026-01-21T11:24:47,u00,IE,dev-00-a,/api/search,368,1,0
2026-01-26T17:58:35,u07,IE,dev-07-a,/api/reports,1266,1,0
2026-01-09T23:26:51,u02,IE,dev-02-a,/api/documents/export,779,1,0
2026-01-22T00:54:53,u14,DE,dev-14-a,/api/documents,1811,1,0
2026-01-06T12:05:57,u03,DE,dev-03-b,/api/system/backup,49821,1,1
2026-01-23T10:48:45,u06,IE,dev-06-b,/api/orders,486,1,0
2026-01-31T01:36:06,u06,US,atk-tr-7228,/api/profile,800,1,1
2026-01-09T17:30:54,u11,US,dev-11-b,/api/search,136,1,0
2026-01-11T16:39:43,u12,ES,dev-12-a,/api/documents,385,1,0
2026-01-25T19:03:32,u06,IE,dev-06-a,/api/search,996,1,0
2026-01-19T03:24:27,u02,IE,atk-sh-4840,/api/reports,6265,1,1
2026-01-03T14:15:53,u11,US,dev-11-b,/api/documents,4088,1,0
2026-01-04T23:32:49,u10,FR,dev-10-a,/api/orders,149,1,0
2026-01-24T04:13:27,u04,DE,dev-04-a,/api/orders,2225,1,0
2026-01-12T20:00:43,u03,DE,dev-03-a,/api/reports,577,1,1
2026-01-18T14:47:54,u09,US,dev-09-b,/api/orders,100,1,0
2026-01-04T10:16:53,u01,DE,dev-01-a,/api/search,871,1,0
2026-01-11T03:17:11,u04,DE,dev-04-a,/api/reports,357,1,0
2026-01-18T00:41:04,u12,ES,dev-12-a,/api/documents,2966,1,0
2026-01-09T22:11:40,u06,IE,dev-06-a,/api/orders,1778,1,0
2026-01-27T04:46:27,u08,IE,dev-08-b,/api/orders,1394,1,0
2026-01-14T21:37:26,u05,GB,dev-05-b,/api/profile,1277,1,0
2026-01-16T11:10:04,u10,FR,dev-10-a,/api/reports,3988,1,0
2026-01-07T15:30:26,u05,GB,dev-05-a,/api/profile,2406,1,0
2026-01-28T16:49:51,u14,DE,atk-sh-9325,/api/search,3688,1,1
2026-01-27T18:53:27,u13,ES,dev-13-a,/api/orders,983,1,0
2026-01-21T05:35:20,u03,DE,dev-03-a,/api/profile,772,1,0
2026-01-05T07:53:41,u06,IE,dev-06-a,/api/orders,652,1,0
2026-01-28T22:27:15,u07,IE,dev-07-b,/api/orders,413,1,0
2026-01-07T04:57:28,u07,IE,dev-07-a,/api/reports,2594,1,0
2026-01-19T12:25:32,u13,ES,dev-13-a,/api/orders,974,1,0
2026-01-09T06:49:44,u03,DE,dev-03-a,/api/search,917,1,0
2026-01-04T18:15:02,u07,IE,dev-07-b,/api/profile,19063,1,0
2026-01-11T05:03:31,u01,DE,dev-01-a,/api/reports,2065,1,0
2026-01-09T13:54:38,u02,JP,atk-tr-2791,/api/documents,800,1,1
2026-01-29T12:44:31,u14,DE,dev-14-a,/api/profile,2864,1,0
2026-01-17T12:10:06,u05,GB,dev-05-b,/api/orders,3130,1,0
2026-01-12T06:29:50,u05,GB,dev-05-a,/api/orders,695,1,1
2026-01-27T14:31:34,u08,IE,dev-08-a,/api/reports,119,1,0
2026-01-17T12:46:29,u01,DE,dev-01-a,/api/documents,1695,1,0
2026-01-30T22:49:51,u03,BR,atk-9180,/api/reports,150,0,1
2026-01-14T13:36:23,u10,FR,dev-10-b,/api/documents,1372,1,0
2026-01-20T09:52:32,u03,DE,dev-03-b,/api/reports,461,1,0
2026-01-13T14:42:11,u09,US,dev-09-b,/api/reports,4238,1,0
2026-01-10T12:40:08,u04,DE,dev-04-a,/api/profile,919,1,0
2026-01-14T09:41:30,u04,DE,dev-04-a,/api/profile,289,1,0
2026-01-26T10:09:30,u12,US,atk-pe-5290,/api/admin/users,800,1,1
2026-01-02T07:41:08,u14,BR,atk-1667,/api/search,150,0,1
2026-01-24T08:20:35,u05,GB,dev-05-b,/api/search,390,1,0
2026-01-09T13:16:26,u01,DE,dev-01-a,/api/profile,1400,1,0
2026-01-08T01:35:08,u02,IE,dev-02-a,/api/orders,864,1,0
2026-01-14T00:27:35,u09,US,dev-new-7147,/api/search,1957,1,0
2026-01-23T15:08:19,u10,FR,dev-10-a,/api/reports,2441,1,0
2026-01-08T21:40:50,u14,DE,dev-14-a,/api/search,417,1,0
2026-01-26T18:44:21,u05,DE,dev-05-b,/api/system/backup,1817,1,0
2026-01-03T01:17:17,u10,FR,dev-10-a,/api/orders,498,1,0
2026-01-24T13:52:28,u04,DE,dev-04-a,/api/documents,644,1,0
2026-01-18T16:34:59,u01,DE,dev-01-a,/api/documents,749,1,0
2026-01-09T23:43:10,u11,US,dev-11-a,/api/profile,667,1,0
2026-01-23T21:40:35,u02,NG,atk-9891,/api/reports,150,0,1
2026-01-12T05:32:49,u02,IE,dev-02-a,/api/search,1845,1,0
2026-01-23T19:43:51,u02,IE,dev-02-a,/api/profile,718,1,0
2026-01-16T12:09:13,u07,IE,dev-07-a,/api/search,354,1,0
2026-01-04T15:47:41,u03,DE,dev-03-a,/api/search,5077,1,0
2026-01-31T06:54:11,u10,FR,dev-10-a,/api/profile,279,1,1
2026-01-27T16:19:30,u01,DE,dev-01-a,/api/orders,1358,1,0
2026-01-22T12:02:26,u01,DE,dev-01-a,/api/documents/export,27187,1,1
2026-01-28T01:47:06,u12,ES,dev-12-a,/api/search,414,1,0
2026-01-27T08:08:22,u07,IE,dev-07-b,/api/profile,791,1,1
2026-01-26T02:24:11,u12,ES,dev-12-a,/api/reports,3273,1,0
2026-01-20T14:14:26,u04,DE,dev-04-a,/api/search,2021,1,1
2026-01-04T13:39:06,u10,FR,dev-10-a,/api/reports,1730,1,0
2026-01-24T07:11:32,u12,JP,atk-tr-6668,/api/profile,800,1,1
2026-01-15T02:04:07,u03,DE,dev-03-a,/api/documents,714,1,0
2026-01-26T15:46:30,u00,IE,dev-00-a,/api/orders,1037,1,0
2026-01-25T22:08:46,u03,BR,atk-5074,/api/search,150,0,1
2026-01-19T01:36:47,u09,US,dev-09-b,/api/search,604,1,0
2026-01-02T23:03:55,u07,IE,dev-07-b,/api/reports,1402,1,0
2026-01-17T14:21:30,u09,US,dev-09-b,/api/documents,626,1,0
2026-01-19T13:44:11,u00,IE,dev-00-a,/api/documents/export,171163,1,1
2026-01-13T06:31:48,u01,DE,dev-01-a,/api/profile,3330,1,0
2026-01-25T11:47:13,u08,IE,dev-08-b,/api/search,3970,1,0
2026-01-02T16:15:49,u03,DE,dev-new-6237,/api/profile,229,1,0
2026-01-05T15:55:53,u06,IE,dev-06-b,/api/orders,935,1,0
2026-01-18T23:03:10,u09,US,dev-09-a,/api/orders,330,1,0
2026-01-19T13:52:05,u06,IE,dev-06-a,/api/reports,768,1,0
2026-01-20T14:42:13,u00,IE,dev-00-a,/api/profile,161,1,0
2026-01-12T23:09:48,u00,IE,dev-00-a,/api/orders,575,1,0
2026-01-15T12:57:15,u04,DE,dev-04-a,/api/reports,664,1,0
2026-01-13T07:22:07,u12,ES,dev-12-b,/api/reports,1295,1,0
2026-01-16T17:32:06,u01,DE,dev-new-1884,/api/documents,2166,1,0
2026-01-31T05:42:57,u12,NG,atk-2756,/api/profile,150,0,1
2026-01-13T01:03:04,u01,DE,dev-01-a,/api/documents,1738,1,0
2026-01-05T08:08:10,u10,FR,dev-10-b,/api/profile,973,1,1
2026-01-26T09:02:36,u14,DE,dev-14-a,/api/documents/export,2358,1,0
2026-01-20T15:08:52,u11,US,dev-11-a,/api/search,384,1,0
2026-01-17T23:17:30,u06,IE,dev-06-b,/api/documents/export,5270,1,0
2026-01-19T04:35:12,u05,GB,dev-05-a,/api/config,57067,1,1
2026-01-19T01:45:40,u08,IE,dev-08-a,/api/profile,7983,1,0
2026-01-23T09:42:11,u01,DE,dev-01-a,/api/reports,426,1,0
2026-01-27T04:14:08,u01,DE,dev-01-a,/api/search,1345,1,0
2026-01-19T13:33:30,u12,ES,dev-12-b,/api/profile,1032,1,0
2026-01-19T22:47:48,u07,IE,dev-07-b,/api/documents,888,1,0
2026-01-28T02:14:40,u11,US,dev-11-a,/api/documents,112,1,1
2026-01-18T10:22:51,u02,IE,dev-02-a,/api/profile,2174,1,1
2026-01-29T04:30:57,u04,DE,dev-04-a,/api/search,567,1,0
2026-01-23T13:52:11,u09,US,dev-09-a,/api/documents/export,716717,1,1
2026-01-16T11:15:37,u11,RU,atk-7808,/api/reports,150,0,1
2026-01-25T21:00:05,u11,US,dev-11-b,/api/reports,144,1,0
2026-01-24T23:20:39,u12,ES,dev-12-a,/api/profile,1525,1,0
2026-01-05T23:42:18,u03,DE,dev-03-a,/api/reports,104,1,0
2026-01-09T15:26:20,u12,ES,dev-12-b,/api/profile,5234,1,0
2026-01-18T13:18:09,u05,GB,dev-05-b,/api/profile,334,1,1
2026-01-04T02:59:15,u11,US,dev-11-b,/api/search,724,1,0
2026-01-27T07:32:16,u11,US,dev-11-a,/api/search,9993,1,0
2026-01-04T19:14:52,u06,IE,dev-06-a,/api/orders,2470,1,1
2026-01-15T13:16:56,u02,IE,dev-02-a,/api/reports,1269,1,0
2026-01-10T12:24:33,u04,DE,dev-04-a,/api/search,625,1,0
2026-01-06T21:21:50,u11,US,dev-11-a,/api/profile,1696,1,0
2026-01-17T05:49:32,u10,FR,dev-10-a,/api/reports,3470,1,0
2026-01-02T09:22:55,u02,IE,dev-new-1452,/api/orders,3742,1,0
2026-01-21T05:13:30,u09,US,dev-09-b,/api/documents,3278,1,0
2026-01-19T16:15:27,u04,DE,dev-04-a,/api/config,263,1,0
2026-01-30T10:35:54,u01,DE,dev-01-a,/api/documents,989,1,0
2026-01-03T01:23:08,u09,US,dev-09-a,/api/orders,5862,1,0
2026-01-04T09:20:23,u04,DE,dev-04-a,/api/search,1402,1,0
2026-01-26T11:14:49,u09,US,dev-09-a,/api/search,1052,1,0
2026-01-04T06:04:35,u13,ES,dev-13-a,/api/profile,374,1,0
2026-01-18T12:13:42,u01,DE,dev-01-a,/api/search,201,1,0
2026-01-17T07:26:08,u00,IE,dev-00-a,/api/reports,828,1,0
2026-01-03T23:01:55,u09,US,dev-09-b,/api/reports,577,1,0
2026-01-17T14:38:16,u14,DE,dev-14-a,/api/orders,3624,1,0
2026-01-12T00:43:55,u08,NG,atk-2371,/api/profile,150,0,1
2026-01-08T15:03:23,u13,ES,dev-13-a,/api/documents,5193,1,0
2026-01-23T03:49:57,u14,DE,dev-14-a,/api/documents,2947,1,0
2026-01-30T19:14:00,u04,DE,dev-04-a,/api/reports,908,1,0
2026-01-19T05:37:26,u06,IE,atk-sh-1763,/api/orders,1804,1,1
2026-01-09T04:59:06,u11,US,dev-11-b,/api/search,2369,1,0
2026-01-15T01:55:32,u14,DE,dev-14-a,/api/search,843,1,0
2026-01-23T17:56:29,u02,IE,dev-02-a,/api/search,1427,1,0
2026-01-12T12:28:47,u00,IE,dev-00-a,/api/orders,159,1,0
2026-01-23T04:17:15,u13,ES,dev-13-a,/api/reports,628,1,0
2026-01-27T00:04:42,u00,IE,dev-00-a,/api/profile,957,1,0
2026-01-18T15:31:37,u12,ES,dev-12-a,/api/documents,590,1,0
2026-01-04T14:28:16,u12,ES,dev-12-a,/api/search,964,1,0
2026-01-18T06:56:06,u00,IE,dev-00-a,/api/admin/users,45751,1,1
2026-01-10T11:57:04,u03,DE,dev-03-a,/api/search,1383,1,0
2026-01-23T21:40:39,u02,NG,atk-9891,/api/documents,150,0,1
2026-01-19T15:48:02,u13,ES,dev-13-a,/api/documents,845,1,0
2026-01-16T05:00:31,u12,ES,dev-12-a,/api/documents,377,1,0
2026-01-03T07:28:04,u08,IE,dev-08-a,/api/reports,1029,1,0
2026-01-21T08:08:42,u07,IE,dev-07-a,/api/config,6090,1,1
2026-01-30T01:08:02,u01,DE,atk-sh-6079,/api/orders,1299,1,1
2026-01-01T22:35:21,u01,DE,dev-01-a,/api/orders,1363,1,0
2026-01-27T18:45:16,u12,ES,dev-12-b,/api/profile,2838,1,0
2026-01-31T06:27:52,u04,DE,dev-04-a,/api/documents,1259,1,0
2026-01-19T00:28:59,u01,DE,dev-01-a,/api/profile,232,1,0
2026-01-21T04:28:10,u12,ES,dev-12-a,/api/documents,562,1,0
2026-01-11T01:14:22,u13,ES,dev-13-a,/api/documents,2136,1,0
2026-01-07T09:15:44,u01,DE,dev-01-a,/api/profile,644,1,0
2026-01-26T17:22:12,u03,DE,dev-03-b,/api/documents,2057,1,0
2026-01-20T18:27:24,u05,GB,dev-05-a,/api/search,439,1,0
2026-01-05T07:12:26,u01,DE,dev-01-a,/api/reports,565,1,0
2026-01-07T01:17:09,u03,DE,dev-03-b,/api/orders,272,1,0
2026-01-26T14:29:50,u07,IE,dev-07-b,/api/documents,232,1,0
2026-01-02T07:41:16,u14,BR,atk-1667,/api/documents,150,0,1
2026-01-11T17:29:43,u10,FR,dev-10-a,/api/orders,422,1,0
2026-01-29T20:17:03,u00,IE,dev-00-a,/api/orders,2064,1,0
2026-01-16T10:55:15,u13,ES,dev-13-a,/api/orders,1374,1,0
2026-01-08T11:26:28,u14,IN,dev-14-a,/api/search,2923,1,0
2026-01-17T10:39:55,u06,IE,dev-06-b,/api/config,41556,1,1
2026-01-24T03:38:29,u00,IE,dev-00-a,/api/search,957,1,0
2026-01-22T19:46:09,u08,JP,atk-tr-6619,/api/documents,800,1,1
2026-01-20T23:48:25,u01,RU,atk-5800,/api/orders,150,0,1
2026-01-09T11:04:10,u12,ES,dev-12-a,/api/orders,189,1,0
2026-01-16T23:06:30,u06,IE,dev-06-a,/api/documents,685,1,0
2026-01-10T03:52:14,u11,US,dev-11-a,/api/documents,665,1,0
2026-01-19T13:50:03,u02,IE,dev-new-5465,/api/search,697,1,0
2026-01-05T16:29:57,u01,DE,dev-01-a,/api/documents/export,606197,1,1
2026-01-04T21:15:17,u02,IE,dev-02-a,/api/reports,1462,1,0
2026-01-23T12:04:07,u09,US,dev-09-a,/api/documents,946,1,0
2026-01-13T02:10:31,u07,IE,dev-07-b,/api/search,1053,1,0
2026-01-22T06:36:40,u02,RU,atk-7909,/api/search,150,0,1
2026-01-08T01:33:47,u07,IE,atk-sh-5420,/api/orders,3768,1,1
2026-01-14T02:09:30,u14,DE,dev-14-a,/api/documents,276,1,0
2026-01-02T10:08:15,u06,RU,atk-8576,/api/profile,150,0,1
2026-01-12T17:51:34,u08,IE,dev-08-b,/api/orders,395,1,0
2026-01-21T17:20:29,u06,IE,dev-06-b,/api/reports,626,1,0
2026-01-05T00:17:20,u01,DE,dev-01-a,/api/documents,449,1,0
2026-01-13T05:33:05,u02,IE,dev-02-a,/api/documents,1738,1,0
2026-01-10T07:56:45,u10,FR,dev-10-a,/api/reports,570,1,0
2026-01-21T21:31:23,u14,DE,dev-14-a,/api/profile,575,1,0
2026-01-14T12:26:01,u13,ES,dev-13-a,/api/orders,1601,1,0
2026-01-14T06:36:18,u10,FR,dev-10-a,/api/search,379,1,0
2026-01-12T00:43:50,u08,NG,atk-2371,/api/documents,150,0,1
2026-01-14T14:57:21,u05,GB,dev-05-b,/api/documents/export,246076,1,1
2026-01-05T09:45:22,u01,DE,dev-01-a,/api/orders,7078,1,0
2026-01-16T05:04:39,u01,DE,dev-01-a,/api/system/backup,9160,1,0
2026-01-08T16:34:49,u13,ES,dev-13-a,/api/orders,741,1,0
2026-01-27T21:35:04,u09,US,dev-09-b,/api/profile,1270,1,0
2026-01-16T09:34:13,u06,IE,dev-06-b,/api/orders,339,1,0
2026-01-04T06:09:42,u12,ES,dev-12-b,/api/search,596,1,0
2026-01-07T13:20:04,u03,DE,dev-03-b,/api/documents,1291,1,0
2026-01-29T23:47:21,u10,FR,dev-10-b,/api/orders,1071,1,0
2026-01-07T04:38:43,u05,GB,dev-05-a,/api/search,15203,1,0
2026-01-10T08:46:43,u10,FR,dev-10-b,/api/search,211,1,0
2026-01-20T04:20:03,u01,DE,dev-01-a,/api/reports,961,1,0
2026-01-29T07:00:51,u03,NG,atk-1712,/api/orders,150,0,1
2026-01-24T12:30:29,u14,DE,dev-14-a,/api/documents,583,1,0
2026-01-25T01:35:59,u03,DE,dev-03-b,/api/profile,371,1,0
2026-01-28T19:48:41,u07,IE,dev-07-b,/api/search,753,1,0
2026-01-20T23:21:19,u05,GB,dev-05-b,/api/profile,552,1,0
2026-01-14T00:51:16,u13,ES,dev-13-a,/api/profile,1281,1,0
2026-01-02T10:08:24,u06,RU,atk-8576,/api/search,150,0,1
2026-01-06T04:19:17,u14,DE,dev-14-a,/api/reports,1239,1,0
2026-01-19T18:04:44,u02,RU,atk-pe-5371,/api/admin/users,800,1,1
2026-01-31T02:21:31,u06,IE,dev-06-a,/api/reports,9112,1,1
2026-01-17T02:41:53,u00,IE,dev-00-a,/api/search,514,1,0
2026-01-15T03:06:31,u01,DE,dev-01-a,/api/search,462,1,1
2026-01-24T07:15:27,u11,US,dev-11-b,/api/documents,1829,1,0
2026-01-05T22:09:39,u08,US,atk-tr-1193,/api/search,800,1,1
2026-01-11T02:08:27,u09,US,dev-09-b,/api/documents,1862,1,0
2026-01-02T10:08:12,u06,RU,atk-8576,/api/search,150,0,1
2026-01-21T08:34:58,u01,DE,dev-01-a,/api/reports,3213,1,1
2026-01-24T16:10:41,u03,DE,dev-03-b,/api/orders,797,1,0
2026-01-17T16:44:06,u00,IE,dev-00-a,/api/documents/export,12221,1,1
2026-01-31T14:07:34,u12,ES,dev-12-b,/api/reports,1794,1,0
2026-01-03T03:36:27,u05,GB,dev-05-b,/api/search,1534,1,1
2026-01-22T15:52:28,u05,GB,atk-pe-5293,/api/documents/export,800,1,1
2026-01-12T23:17:33,u12,ES,dev-12-a,/api/profile,1703,1,0
2026-01-12T20:50:08,u06,IE,dev-06-a,/api/documents,7794,1,0
2026-01-28T09:58:27,u05,GB,dev-05-b,/api/reports,1100,1,0
2026-01-31T13:59:37,u06,IE,dev-06-b,/api/orders,284,1,0
2026-01-02T07:41:10,u14,BR,atk-1667,/api/reports,150,0,1
2026-01-20T23:48:16,u01,RU,atk-5800,/api/orders,150,0,1
2026-01-22T03:33:19,u11,US,dev-11-a,/api/orders,536,1,0
2026-01-20T10:06:56,u05,GB,atk-sh-8874,/api/profile,3164,1,1
2026-01-11T22:54:33,u11,US,dev-11-b,/api/search,1253,1,0
2026-01-22T22:39:49,u01,DE,dev-01-a,/api/reports,828,1,0
2026-01-12T00:43:57,u08,NG,atk-2371,/api/documents,150,0,1
2026-01-13T20:13:34,u07,IE,dev-07-a,/api/reports,523,1,1
2026-01-11T01:11:56,u09,US,dev-09-b,/api/reports,1164,1,0
2026-01-10T00:52:03,u08,IE,dev-08-a,/api/search,244,1,0
2026-01-13T04:28:58,u13,ES,dev-13-a,/api/search,945,1,0
2026-01-25T04:12:52,u06,IE,dev-06-b,/api/orders,1798,1,0
2026-01-19T02:32:20,u05,GB,dev-05-a,/api/orders,1760,1,0
2026-01-27T22:33:32,u12,ES,dev-12-b,/api/orders,475,1,0
2026-01-22T05:11:00,u08,IE,dev-08-a,/api/config,4461,1,0
2026-01-29T03:36:57,u12,ES,dev-12-a,/api/profile,110,1,0
2026-01-19T03:28:48,u01,DE,dev-01-a,/api/reports,982,1,0
2026-01-25T02:09:21,u09,US,dev-09-b,/api/profile,340,1,0
2026-01-07T19:53:29,u08,IE,dev-08-b,/api/profile,100,1,0
2026-01-17T23:34:35,u02,IE,dev-02-a,/api/orders,741,1,0
2026-01-21T07:01:35,u07,IE,dev-07-b,/api/documents,912,1,0
2026-01-13T01:04:13,u06,IE,dev-06-a,/api/search,1121,1,0
2026-01-04T12:59:50,u03,DE,dev-03-a,/api/reports,1601,1,0
2026-01-03T12:14:51,u13,ES,dev-13-a,/api/profile,289,1,0
2026-01-24T18:08:25,u01,DE,dev-01-a,/api/reports,6290,1,0
2026-01-10T10:46:50,u12,ES,dev-12-b,/api/documents,873,1,0
2026-01-27T10:48:13,u13,ES,dev-13-a,/api/reports,2298,1,1
2026-01-27T14:40:15,u10,FR,dev-10-a,/api/profile,1492,1,0
2026-01-12T05:08:45,u02,IE,dev-02-a,/api/orders,919,1,0
2026-01-15T04:43:51,u02,IE,dev-02-a,/api/orders,2506,1,0
2026-01-22T09:42:43,u11,US,dev-11-b,/api/documents/export,575813,1,1
2026-01-28T13:11:35,u10,FR,dev-10-b,/api/config,12532,1,1
2026-01-05T00:47:17,u01,DE,dev-01-a,/api/reports,2454,1,1
2026-01-09T06:43:17,u12,ES,dev-12-a,/api/reports,495,1,0
2026-01-25T22:09:00,u03,BR,atk-5074,/api/profile,150,0,1
2026-01-29T04:30:26,u00,IE,dev-00-a,/api/reports,2785,1,0
2026-01-30T18:46:38,u09,US,dev-09-b,/api/orders,258,1,0
2026-01-27T09:59:09,u03,DE,dev-03-b,/api/documents,293,1,0
2026-01-08T15:54:58,u07,IE,dev-07-b,/api/reports,558,1,0
2026-01-21T15:44:49,u01,DE,dev-01-a,/api/reports,1325,1,0
2026-01-02T07:41:04,u14,BR,atk-1667,/api/profile,150,0,1
2026-01-19T04:50:32,u04,DE,dev-04-a,/api/reports,1950,1,0
2026-01-10T20:19:57,u08,US,atk-tr-5276,/api/profile,800,1,1
2026-01-20T23:48:20,u01,RU,atk-5800,/api/orders,150,0,1
2026-01-17T07:14:23,u09,US,dev-09-a,/api/search,7280,1,0
2026-01-09T06:21:38,u06,IE,dev-06-b,/api/reports,1649,1,0
2026-01-27T06:16:32,u07,IE,dev-07-a,/api/reports,1249,1,0
2026-01-29T16:26:17,u11,US,dev-11-a,/api/reports,1363,1,0
2026-01-02T17:17:55,u07,IE,dev-07-a,/api/orders,947,1,0
2026-01-31T02:17:43,u12,ES,dev-12-b,/api/documents,272,1,1
2026-01-09T08:05:56,u02,IE,dev-02-a,/api/search,232,1,0
2026-01-20T23:48:18,u01,RU,atk-5800,/api/search,150,0,1
2026-01-12T08:07:19,u07,IE,dev-07-a,/api/reports,2346,1,0
2026-01-03T19:01:56,u08,IE,dev-08-b,/api/orders,885,1,0
2026-01-24T17:07:14,u00,IE,dev-00-a,/api/profile,2462,1,0
2026-01-11T06:42:46,u01,DE,dev-01-a,/api/profile,461,1,0
2026-01-23T03:37:30,u00,IE,dev-00-a,/api/profile,2800,1,0
2026-01-06T01:16:05,u01,US,dev-01-a,/api/orders,890,1,0
2026-01-19T20:22:55,u12,ES,dev-new-1296,/api/search,1697,1,0
2026-01-24T11:18:36,u03,US,dev-03-b,/api/config,800,1,1
2026-01-08T11:11:24,u10,FR,dev-new-2582,/api/profile,828,1,0
2026-01-26T16:57:51,u13,ES,dev-13-a,/api/documents,2313,1,0
2026-01-22T02:12:39,u06,IE,dev-06-a,/api/search,514,1,0
2026-01-24T17:11:35,u10,FR,dev-10-b,/api/orders,262,1,0
2026-01-28T23:43:53,u13,ES,dev-13-a,/api/orders,1436,1,0
2026-01-05T09:11:32,u06,ES,dev-06-a,/api/documents,5462,1,0
2026-01-31T22:32:38,u06,IE,dev-06-a,/api/search,868,1,0
2026-01-29T07:00:50,u03,NG,atk-1712,/api/profile,150,0,1
2026-01-03T10:27:30,u13,ES,dev-13-a,/api/orders,11775,1,0
2026-01-02T10:08:18,u06,RU,atk-8576,/api/profile,150,0,1
2026-01-23T10:51:24,u14,DE,dev-14-a,/api/search,1065,1,0
2026-01-08T18:37:27,u05,GB,dev-05-a,/api/documents,1790,1,0
2026-01-22T06:36:33,u02,RU,atk-7909,/api/search,150,0,1
2026-01-16T22:17:35,u06,IE,dev-06-b,/api/system/backup,2038,1,0
2026-01-30T05:39:05,u14,DE,dev-14-a,/api/orders,1189,1,0
2026-01-11T00:52:20,u12,ES,dev-12-b,/api/system/backup,1072,1,0
2026-01-17T11:05:27,u13,ES,dev-13-a,/api/documents/export,497943,1,1
2026-01-12T00:44:06,u08,NG,atk-2371,/api/profile,150,0,1
2026-01-25T16:06:21,u12,BR,atk-6614,/api/reports,150,0,1
2026-01-17T15:07:28,u08,IE,dev-08-a,/api/orders,3648,1,0
2026-01-17T21:54:14,u04,DE,dev-04-a,/api/admin/users,18110,1,1
2026-01-06T12:25:41,u00,IE,dev-00-a,/api/profile,950,1,0
2026-01-07T06:11:08,u12,ES,dev-12-a,/api/system/backup,805,1,0
2026-01-25T02:35:47,u11,US,dev-11-b,/api/orders,736,1,0
2026-01-04T06:20:51,u14,DE,dev-14-a,/api/profile,1197,1,0
2026-01-03T01:16:05,u02,IE,dev-02-a,/api/search,1461,1,0
2026-01-10T06:21:25,u04,DE,dev-04-a,/api/profile,227,1,0
2026-01-31T04:19:07,u08,IE,dev-08-a,/api/reports,2797,1,0
2026-01-13T13:26:42,u00,US,atk-pe-7372,/api/system/backup,800,1,1
2026-01-12T21:48:59,u09,US,dev-09-a,/api/system/backup,23254,1,1
2026-01-21T17:21:32,u04,DE,dev-04-a,/api/orders,7275,1,0
2026-01-11T04:32:43,u11,US,dev-11-b,/api/reports,3614,1,0
2026-01-13T03:35:14,u00,IE,dev-00-a,/api/reports,2679,1,0
2026-01-02T10:08:31,u06,RU,atk-8576,/api/reports,150,0,1
2026-01-19T14:45:33,u14,DE,dev-14-a,/api/profile,2453,1,0
2026-01-22T09:32:38,u10,FR,dev-10-a,/api/orders,571,1,0
2026-01-23T22:58:46,u06,RU,dev-06-a,/api/admin/users,800,1,1
2026-01-25T03:58:28,u10,FR,dev-10-b,/api/orders,981,1,1
2026-01-12T00:44:04,u08,NG,atk-2371,/api/orders,150,0,1
2026-01-27T11:36:24,u02,IE,dev-02-a,/api/documents,1490,1,0
2026-01-02T00:38:02,u04,DE,dev-04-a,/api/orders,2591,1,0
2026-01-30T22:49:52,u03,BR,atk-9180,/api/orders,150,0,1
2026-01-08T23:58:16,u11,US,dev-11-b,/api/search,1178,1,0
2026-01-21T11:43:26,u10,FR,dev-10-a,/api/search,270,1,0
2026-01-23T11:17:32,u07,IE,dev-07-a,/api/search,3762,1,0
2026-01-10T14:44:27,u11,JP,atk-tr-4032,/api/reports,800,1,1
2026-01-22T01:33:41,u13,ES,dev-13-a,/api/orders,2293,1,0
2026-01-14T07:26:10,u14,DE,dev-14-a,/api/orders,2339,1,0
2026-01-27T17:36:06,u12,ES,dev-12-a,/api/search,1124,1,0
2026-01-14T21:31:11,u13,ES,dev-13-a,/api/orders,533,1,0
2026-01-06T19:09:34,u00,IE,dev-00-a,/api/config,183,1,0
2026-01-16T23:22:32,u05,GB,dev-05-a,/api/documents,145,1,0
2026-01-04T18:58:18,u03,DE,dev-03-b,/api/reports,3648,1,0
2026-01-04T22:37:54,u03,DE,dev-03-b,/api/profile,569,1,0
2026-01-25T22:08:34,u03,BR,atk-5074,/api/profile,150,0,1
2026-01-29T16:26:08,u12,ES,dev-12-b,/api/documents,2569,1,0
2026-01-30T12:47:22,u00,IE,dev-00-a,/api/documents,3209,1,0
2026-01-29T07:00:58,u03,NG,atk-1712,/api/search,150,0,1
2026-01-05T20:42:55,u07,IE,dev-07-b,/api/documents,593,1,0
2026-01-10T11:00:07,u05,GB,dev-05-a,/api/search,488,1,0
2026-01-29T06:36:26,u01,DE,dev-01-a,/api/profile,1460,1,1
2026-01-21T23:00:14,u14,DE,dev-14-a,/api/orders,411,1,0
2026-01-28T11:57:00,u08,IE,dev-08-a,/api/profile,1042,1,0
2026-01-22T06:36:25,u02,RU,atk-7909,/api/reports,150,0,1
2026-01-28T21:15:44,u14,DE,dev-14-a,/api/orders,118,1,1
2026-01-30T22:49:59,u03,BR,atk-9180,/api/reports,150,0,1
2026-01-02T03:45:46,u07,IE,dev-07-a,/api/documents,347,1,0
2026-01-05T10:29:02,u03,DE,dev-03-a,/api/search,514,1,1
2026-01-24T19:36:59,u05,GB,dev-05-a,/api/documents,2243,1,0
2026-01-29T21:56:02,u10,FR,dev-10-b,/api/search,153,1,0
2026-01-01T22:22:50,u09,DE,dev-09-a,/api/reports,217,1,0
2026-01-16T11:15:32,u11,RU,atk-7808,/api/profile,150,0,1
2026-01-30T23:41:29,u09,US,dev-09-b,/api/search,486,1,0
2026-01-29T09:34:46,u05,ES,dev-05-b,/api/search,8361,1,0
2026-01-02T10:08:25,u06,RU,atk-8576,/api/reports,150,0,1
2026-01-19T01:00:21,u01,DE,dev-01-a,/api/reports,2967,1,0
2026-01-17T23:44:04,u04,DE,dev-04-a,/api/documents,5519,1,0
2026-01-15T03:23:20,u07,IE,dev-07-b,/api/orders,361,1,0
2026-01-10T08:30:53,u07,IE,dev-07-a,/api/profile,4867,1,0
2026-01-29T07:00:55,u03,NG,atk-1712,/api/search,150,0,1
2026-01-19T03:09:16,u08,IE,dev-08-b,/api/reports,3054,1,0
2026-01-12T10:56:08,u12,ES,dev-12-b,/api/system/backup,59540,1,1
2026-01-13T21:59:55,u00,IE,dev-00-a,/api/documents,3165,1,0
2026-01-21T16:53:02,u11,US,dev-11-a,/api/profile,18571,1,1
2026-01-02T14:58:34,u12,ES,dev-12-b,/api/documents,796,1,1
2026-01-15T12:18:37,u10,AU,atk-tr-2217,/api/search,800,1,1
2026-01-05T13:23:57,u00,IE,dev-00-a,/api/documents,3927,1,0
2026-01-26T18:04:46,u09,US,dev-09-a,/api/search,716,1,0
2026-01-05T22:28:43,u13,ES,dev-13-a,/api/search,1304,1,0
2026-01-29T03:32:42,u06,IE,dev-06-b,/api/documents/export,17739,1,1
2026-01-02T02:09:50,u03,DE,dev-03-a,/api/profile,678,1,0
2026-01-08T16:55:45,u10,FR,dev-10-b,/api/orders,1125,1,0
2026-01-28T20:11:48,u01,DE,dev-01-a,/api/documents,16837,1,0
2026-01-18T13:38:45,u03,DE,dev-new-3406,/api/profile,672,1,0
2026-01-15T15:19:05,u03,DE,dev-03-b,/api/system/backup,327,1,0
2026-01-04T08:14:05,u11,US,dev-11-b,/api/search,532,1,0
2026-01-08T07:05:56,u08,RU,dev-08-b,/api/config,800,1,1
2026-01-14T03:48:55,u10,FR,dev-10-b,/api/profile,297,1,0
2026-01-04T20:52:36,u00,IE,dev-00-a,/api/search,464,1,0
2026-01-09T14:33:54,u03,DE,dev-03-a,/api/search,586,1,0
2026-01-26T20:20:34,u14,DE,dev-14-a,/api/orders,461,1,0
2026-01-09T05:08:18,u14,JP,atk-tr-3305,/api/search,800,1,1
2026-01-02T19:07:08,u06,IE,dev-06-a,/api/profile,497,1,0
2026-01-08T10:46:04,u09,US,atk-tr-2328,/api/profile,800,1,1
2026-01-22T00:25:16,u13,ES,dev-13-a,/api/reports,4671,1,0
2026-01-11T13:42:53,u02,IE,dev-02-a,/api/reports,3126,1,0
2026-01-12T00:44:12,u08,NG,atk-2371,/api/reports,150,0,1
2026-01-29T12:19:04,u05,GB,dev-05-a,/api/profile,366,1,0
2026-01-21T12:14:26,u05,GB,dev-05-a,/api/documents,4684,1,0
2026-01-28T12:27:58,u00,IE,atk-sh-1382,/api/search,4282,1,1
2026-01-12T23:52:19,u12,IN,dev-12-b,/api/documents,3707,1,0
2026-01-30T19:02:48,u13,ES,dev-13-a,/api/profile,2063,1,0
2026-01-29T21:41:40,u06,IE,dev-06-b,/api/documents/export,385721,1,1
2026-01-07T07:31:39,u01,DE,dev-01-a,/api/admin/users,408,1,0
2026-01-18T10:49:14,u07,IE,atk-sh-8898,/api/documents,915,1,1
2026-01-09T01:38:54,u08,IE,dev-08-a,/api/config,55052,1,1
2026-01-05T15:47:14,u03,DE,dev-03-b,/api/search,2026,1,0
2026-01-23T08:38:18,u09,US,dev-09-a,/api/documents,2222,1,0
2026-01-07T01:22:15,u12,ES,dev-12-a,/api/orders,966,1,0
2026-01-23T15:49:35,u09,US,dev-09-b,/api/search,980,1,0
2026-01-30T18:37:43,u07,IE,dev-07-a,/api/documents,1105,1,0
2026-01-25T22:10:55,u01,DE,dev-01-a,/api/orders,638,1,0
2026-01-22T08:27:16,u03,DE,atk-pe-5927,/api/system/backup,800,1,1
2026-01-19T18:17:49,u11,US,dev-11-a,/api/search,826,1,0
2026-01-30T01:22:41,u09,US,dev-09-a,/api/orders,1318,1,1
2026-01-13T17:15:08,u06,IE,dev-06-a,/api/orders,616,1,0
2026-01-24T06:02:57,u10,FR,dev-10-b,/api/documents,255,1,0
2026-01-07T03:21:52,u13,ES,dev-13-a,/api/profile,2072,1,0
2026-01-11T08:55:09,u03,DE,dev-03-b,/api/reports,2226,1,0
2026-01-20T01:05:08,u06,IE,dev-06-a,/api/documents/export,468706,1,1
2026-01-07T14:03:20,u09,US,dev-09-b,/api/orders,1625,1,0
2026-01-26T10:10:55,u00,IE,dev-00-a,/api/profile,261,1,0
2026-01-13T04:03:38,u05,GB,dev-05-b,/api/search,1039,1,0
2026-01-29T14:12:34,u13,JP,atk-tr-4692,/api/profile,800,1,1
2026-01-06T07:34:27,u10,FR,dev-10-a,/api/search,1133,1,0
2026-01-08T22:26:04,u12,ES,dev-12-b,/api/documents,2992,1,0
2026-01-24T19:46:53,u08,IE,dev-08-a,/api/system/backup,30141,1,1
2026-01-05T10:14:39,u10,FR,dev-10-b,/api/reports,329,1,0
2026-01-27T14:15:03,u12,ES,dev-12-a,/api/orders,4789,1,1
2026-01-09T05:08:20,u00,IE,dev-00-a,/api/profile,852,1,0
2026-01-08T11:02:24,u14,DE,dev-14-a,/api/profile,426,1,0
2026-01-25T22:08:44,u03,BR,atk-5074,/api/search,150,0,1
2026-01-10T06:11:42,u07,IE,dev-07-a,/api/reports,2995,1,0
2026-01-07T13:16:25,u07,IE,dev-07-a,/api/search,829,1,0
2026-01-28T12:12:59,u07,IE,dev-07-b,/api/reports,627,1,0
2026-01-31T07:10:55,u12,ES,dev-12-a,/api/documents,3592,1,0
2026-01-10T19:45:50,u05,GB,dev-05-a,/api/documents,12582,1,0
2026-01-17T12:42:50,u08,IE,dev-08-a,/api/profile,1264,1,0
2026-01-15T01:17:28,u03,DE,dev-03-b,/api/admin/users,1534,1,0
2026-01-25T10:29:06,u08,IE,dev-08-a,/api/admin/users,1043,1,0
2026-01-28T06:00:14,u13,ES,dev-13-a,/api/profile,1060,1,0
2026-01-28T06:39:10,u11,US,dev-11-b,/api/profile,247,1,0
2026-01-05T00:39:03,u10,FR,atk-sh-2254,/api/orders,1157,1,1
2026-01-29T07:00:48,u03,NG,atk-1712,/api/search,150,0,1
2026-01-27T18:48:49,u07,IE,atk-sh-3031,/api/documents,2588,1,1
2026-01-07T23:31:57,u10,FR,dev-10-b,/api/admin/users,1352,1,0
2026-01-03T07:13:59,u10,FR,dev-10-b,/api/profile,1129,1,0
2026-01-18T03:37:43,u03,DE,dev-new-5504,/api/profile,823,1,0
2026-01-19T05:00:27,u08,IE,dev-08-a,/api/orders,1527,1,0
2026-01-20T23:48:21,u01,RU,atk-5800,/api/orders,150,0,1
2026-01-20T14:25:32,u04,DE,dev-04-a,/api/search,3634,1,0
2026-01-23T15:19:16,u08,IE,dev-08-b,/api/reports,734,1,0
2026-01-17T08:43:34,u11,US,dev-11-b,/api/search,2158,1,0
2026-01-22T08:24:27,u11,US,dev-11-a,/api/documents,980,1,0
2026-01-27T13:47:47,u09,US,dev-09-b,/api/profile,2368,1,0
2026-01-06T03:25:34,u09,US,dev-09-a,/api/search,1714,1,0
2026-01-29T07:00:42,u03,NG,atk-1712,/api/orders,150,0,1
2026-01-11T05:23:20,u02,IE,dev-02-a,/api/profile,617,1,0
2026-01-19T01:12:53,u13,ES,dev-13-a,/api/admin/users,37685,1,1
2026-01-30T19:31:57,u03,DE,dev-03-b,/api/documents,19941,1,0
2026-01-08T20:12:33,u10,FR,dev-new-5765,/api/profile,1703,1,0
2026-01-02T19:04:06,u10,FR,atk-sh-8378,/api/orders,527,1,1
2026-01-11T04:45:46,u12,ES,dev-12-b,/api/reports,408,1,0
2026-01-29T07:01:00,u03,NG,atk-1712,/api/reports,150,0,1
2026-01-19T20:49:17,u04,DE,dev-04-a,/api/documents/export,425,1,0
2026-01-07T06:28:11,u14,DE,dev-14-a,/api/reports,1321,1,0
2026-01-12T04:46:41,u05,GB,dev-05-b,/api/search,2506,1,0
2026-01-23T11:16:53,u05,GB,dev-05-a,/api/reports,1215,1,0
2026-01-03T12:27:25,u12,ES,dev-12-b,/api/profile,886,1,0
2026-01-24T11:54:15,u01,DE,dev-01-a,/api/documents,1608,1,0
2026-01-08T17:39:49,u11,US,dev-11-b,/api/reports,1547,1,0
2026-01-15T08:24:10,u12,ES,dev-12-a,/api/profile,1094,1,0
2026-01-11T05:33:32,u02,IE,dev-02-a,/api/reports,631,1,0
2026-01-10T06:24:54,u07,IE,dev-07-b,/api/reports,977,1,0
2026-01-03T21:59:54,u01,DE,dev-01-a,/api/documents,1156,1,0
2026-01-14T14:28:24,u02,IE,dev-02-a,/api/search,329,1,0
2026-01-26T19:22:32,u00,IE,dev-00-a,/api/orders,1770,1,0
2026-02-01T00:27:56,u07,IE,dev-07-a,/api/orders,1229,1,0
2026-01-12T20:05:25,u14,DE,dev-14-a,/api/profile,5530,1,0
2026-01-11T23:30:44,u03,DE,dev-03-b,/api/system/backup,4272,1,0
2026-01-21T01:15:01,u06,IE,dev-06-b,/api/documents,4545,1,0
2026-01-16T00:24:03,u07,IE,dev-07-b,/api/search,1578,1,0
2026-02-01T03:33:16,u11,US,atk-sh-5047,/api/profile,613,1,1
2026-01-05T14:09:40,u02,IE,dev-02-a,/api/reports,3121,1,0
2026-01-21T20:28:11,u01,DE,dev-01-a,/api/search,1375,1,0
2026-01-18T18:24:11,u00,IE,dev-00-a,/api/search,1867,1,0
2026-01-10T04:44:16,u09,US,dev-09-b,/api/profile,5066,1,0
2026-01-21T07:11:52,u09,US,dev-09-b,/api/orders,429,1,0
2026-01-05T14:13:10,u01,DE,dev-01-a,/api/documents/export,134914,1,1
2026-01-10T23:03:16,u11,US,dev-11-a,/api/orders,1869,1,0
2026-01-09T01:02:11,u12,ES,dev-12-b,/api/profile,1120,1,0
2026-01-28T23:04:58,u11,US,dev-11-b,/api/documents,230,1,0
2026-01-25T22:08:33,u03,BR,atk-5074,/api/documents,150,0,1
2026-01-20T20:29:10,u02,IE,dev-02-a,/api/reports,369,1,0
2026-01-11T23:16:15,u14,DE,dev-new-4597,/api/profile,981,1,0
2026-01-24T20:00:51,u02,IE,dev-02-a,/api/admin/users,1873,1,0
2026-01-08T10:50:58,u00,IE,dev-00-a,/api/documents/export,46913,1,1
2026-01-30T01:25:04,u12,ES,dev-12-b,/api/search,1729,1,1
2026-01-04T03:48:25,u02,IE,dev-02-a,/api/search,5859,1,0
2026-01-02T11:31:28,u00,IE,dev-00-a,/api/reports,8919,1,0
2026-01-30T22:59:47,u12,ES,dev-12-b,/api/orders,2923,1,0
2026-01-18T04:10:02,u02,IE,dev-02-a,/api/reports,374,1,0
2026-01-13T04:23:00,u03,DE,dev-03-a,/api/search,431,1,0
2026-01-26T04:23:50,u09,US,dev-09-a,/api/profile,195,1,0
2026-01-20T07:54:01,u06,IE,dev-06-a,/api/orders,690,1,0
2026-01-26T21:09:46,u05,GB,dev-05-b,/api/config,1901,1,0
2026-01-17T21:01:12,u10,FR,atk-sh-4158,/api/orders,3683,1,1
2026-01-11T07:04:29,u09,US,dev-09-a,/api/profile,275,1,0
2026-01-13T13:51:15,u09,US,dev-09-b,/api/orders,1796,1,0
2026-01-06T08:17:21,u13,ES,dev-13-a,/api/search,190,1,0
2026-01-03T00:03:21,u04,DE,dev-04-a,/api/documents,1926,1,0
2026-01-16T08:14:42,u12,ES,dev-12-b,/api/search,2027,1,0
2026-01-17T04:43:33,u02,IE,dev-02-a,/api/reports,7042,1,0
2026-01-14T09:05:32,u01,DE,dev-01-a,/api/documents,300,1,0
2026-01-16T12:41:12,u12,ES,dev-12-a,/api/profile,654,1,0
2026-01-25T09:05:10,u01,DE,dev-01-a,/api/profile,639,1,0
2026-01-13T07:39:15,u14,DE,dev-14-a,/api/profile,3883,1,0
2026-01-02T08:11:27,u12,ES,dev-12-a,/api/search,742,1,0
2026-01-30T18:41:19,u01,DE,dev-01-a,/api/documents/export,25177,1,1
2026-01-19T01:10:06,u10,FR,dev-10-b,/api/documents,513,1,0
2026-01-06T22:45:02,u14,DE,dev-14-a,/api/orders,279,1,0
2026-01-02T10:08:26,u06,RU,atk-8576,/api/orders,150,0,1
2026-01-13T01:27:18,u07,IE,atk-sh-9063,/api/documents,1585,1,1
2026-01-03T22:33:45,u03,DE,dev-03-b,/api/documents,1410,1,0
2026-01-26T22:05:19,u05,GB,dev-05-a,/api/documents/export,53219,1,1
2026-01-13T17:39:28,u13,ES,dev-13-a,/api/profile,1099,1,0
2026-01-09T09:21:23,u03,DE,dev-03-b,/api/documents/export,58009,1,1
2026-01-24T20:49:38,u05,GB,dev-05-a,/api/search,3541,1,0
2026-01-01T20:45:39,u08,IE,dev-08-a,/api/reports,2564,1,0
2026-01-07T07:29:39,u05,GB,dev-05-b,/api/profile,4412,1,0
2026-01-27T03:05:56,u02,IE,dev-02-a,/api/search,998,1,0
2026-01-10T22:32:10,u01,DE,dev-01-a,/api/documents,400,1,0
2026-01-27T13:40:18,u05,GB,dev-05-b,/api/documents,716,1,0
2026-01-26T03:23:13,u04,JP,atk-tr-5798,/api/reports,800,1,1
2026-01-24T22:58:11,u02,AU,atk-tr-2514,/api/profile,800,1,1
2026-01-27T19:19:11,u05,GB,dev-05-a,/api/profile,5245,1,0
2026-01-29T01:05:58,u10,FR,dev-10-b,/api/search,1236,1,0
2026-01-09T15:41:41,u10,FR,dev-10-a,/api/reports,2911,1,0
2026-01-04T21:51:40,u01,DE,dev-01-a,/api/search,349,1,1
2026-01-19T12:27:51,u11,US,dev-11-b,/api/reports,6021,1,0
2026-01-19T08:04:40,u04,IN,dev-04-a,/api/profile,981,1,0
2026-01-29T04:08:41,u12,ES,dev-12-b,/api/search,942,1,1
2026-01-31T05:43:10,u12,NG,atk-2756,/api/documents,150,0,1
2026-01-18T15:26:31,u12,ES,dev-12-b,/api/documents,1519,1,0
2026-01-13T14:48:53,u05,GB,dev-05-a,/api/documents/export,32528,1,1
2026-01-05T14:19:08,u13,ES,dev-13-a,/api/system/backup,40420,1,1
2026-01-03T15:57:35,u05,GB,dev-05-a,/api/profile,1038,1,0
2026-01-19T07:51:36,u00,IE,dev-00-a,/api/reports,186,1,0
2026-01-31T02:36:10,u14,DE,dev-new-1445,/api/profile,2050,1,0
2026-01-19T08:12:25,u01,DE,dev-01-a,/api/orders,1980,1,0
2026-01-16T21:48:44,u11,US,dev-11-b,/api/documents,5691,1,0
2026-01-04T14:34:13,u00,IE,dev-00-a,/api/admin/users,1001,1,0
2026-01-06T13:00:06,u13,AU,atk-tr-5707,/api/profile,800,1,1
2026-01-26T11:45:00,u14,DE,dev-14-a,/api/profile,1228,1,0
2026-01-31T14:49:11,u10,GB,dev-10-b,/api/search,748,1,0
2026-01-29T12:21:17,u03,DE,dev-03-b,/api/search,1015,1,0
2026-01-06T08:52:40,u09,US,atk-sh-8504,/api/search,263,1,1
2026-01-31T04:05:44,u04,DE,dev-04-a,/api/documents/export,32123,1,1
2026-01-16T00:21:25,u09,US,dev-09-b,/api/search,922,1,0
2026-01-12T00:44:11,u08,NG,atk-2371,/api/documents,150,0,1
2026-01-29T21:18:50,u05,GB,dev-05-b,/api/search,3366,1,0
2026-01-24T18:32:59,u11,US,dev-11-a,/api/orders,7197,1,0
2026-01-07T01:04:47,u10,FR,dev-10-b,/api/documents,690,1,0
2026-01-06T22:51:29,u06,IE,dev-06-a,/api/orders,432,1,0
2026-01-25T22:09:01,u03,BR,atk-5074,/api/documents,150,0,1
2026-01-17T22:34:57,u14,DE,atk-sh-1912,/api/profile,1299,1,1
2026-01-27T20:20:44,u08,IE,dev-08-b,/api/documents,3792,1,0
2026-01-02T22:58:46,u07,IE,dev-07-b,/api/documents,100,1,0
2026-01-18T10:58:49,u13,ES,dev-13-a,/api/orders,6756,1,0
2026-01-29T08:40:01,u09,US,dev-09-a,/api/documents,2962,1,0
2026-01-25T16:06:03,u12,BR,atk-6614,/api/reports,150,0,1
2026-01-20T23:28:36,u08,IE,dev-08-a,/api/admin/users,8066,1,1
2026-01-09T15:42:35,u09,US,dev-09-b,/api/documents,3642,1,0
2026-01-12T07:57:39,u01,DE,dev-01-a,/api/orders,1974,1,0
2026-01-23T06:52:47,u12,ES,dev-12-a,/api/documents,1856,1,0
2026-01-18T19:53:19,u00,IE,dev-00-a,/api/reports,1382,1,0
2026-01-03T01:42:03,u12,ES,dev-12-a,/api/documents,854,1,0
2026-01-11T10:31:51,u02,DE,dev-02-a,/api/search,2839,1,0
2026-01-03T11:46:04,u09,US,dev-09-a,/api/documents,3371,1,1
2026-01-28T10:05:08,u14,DE,dev-14-a,/api/search,2262,1,0
2026-01-22T01:31:44,u09,US,dev-09-a,/api/reports,1393,1,0
2026-01-28T18:06:49,u08,IE,dev-08-a,/api/search,449,1,0
2026-01-26T11:55:51,u02,IE,dev-02-a,/api/search,262,1,0
2026-01-24T05:28:34,u13,ES,dev-13-a,/api/profile,1236,1,0
2026-01-28T11:15:40,u05,GB,dev-05-a,/api/profile,1143,1,0
2026-01-12T21:14:25,u12,ES,dev-12-b,/api/orders,1621,1,0
2026-01-15T12:44:36,u02,IE,dev-02-a,/api/config,36310,1,1
2026-01-22T04:18:38,u01,DE,dev-01-a,/api/profile,1354,1,0
2026-01-18T13:35:33,u12,ES,dev-12-b,/api/orders,9969,1,0
2026-01-16T00:02:38,u13,ES,dev-13-a,/api/profile,358,1,0
2026-01-21T07:28:09,u00,IE,dev-00-a,/api/reports,438,1,0
2026-01-18T20:11:50,u05,GB,dev-05-b,/api/documents,823,1,0
2026-01-18T08:58:19,u00,IE,dev-00-a,/api/orders,895,1,0
2026-01-20T12:42:14,u05,GB,dev-05-b,/api/system/backup,56959,1,1
2026-01-04T11:21:05,u04,DE,dev-04-a,/api/orders,2019,1,0
2026-01-03T01:40:09,u14,DE,dev-14-a,/api/documents,1324,1,0
2026-01-10T08:47:36,u03,DE,dev-03-b,/api/reports,370,1,0
2026-01-16T15:25:49,u10,FR,dev-10-a,/api/search,151,1,0
2026-01-10T22:51:26,u08,IE,atk-sh-4872,/api/orders,1605,1,1
2026-01-17T04:53:28,u01,DE,dev-01-a,/api/search,719,1,0
2026-01-28T08:36:38,u08,IE,dev-08-b,/api/orders,1523,1,0
2026-01-02T17:45:34,u06,IE,dev-06-b,/api/profile,1102,1,0
2026-01-07T04:08:16,u06,IE,dev-06-b,/api/search,911,1,0
2026-01-20T01:14:49,u10,FR,dev-10-b,/api/documents,1694,1,0
2026-01-13T22:47:31,u10,FR,dev-10-a,/api/search,2407,1,0
2026-01-22T09:36:24,u07,IE,dev-new-8614,/api/profile,281,1,0
2026-01-15T01:33:29,u04,DE,dev-new-7795,/api/search,1418,1,0
2026-01-28T09:48:38,u12,ES,dev-12-b,/api/reports,925,1,0
2026-01-22T07:00:53,u11,US,dev-11-a,/api/profile,802,1,0
2026-01-27T01:15:27,u14,DE,dev-14-a,/api/documents,193,1,0
2026-01-14T02:32:07,u02,IE,dev-02-a,/api/documents,6733,1,0
2026-01-13T08:38:35,u11,US,dev-11-b,/api/documents,542,1,0
2026-01-29T18:41:56,u07,IE,dev-07-a,/api/admin/users,4881,1,0
2026-01-05T13:20:00,u01,DE,dev-01-a,/api/documents/export,269265,1,1
2026-01-16T17:52:20,u02,IE,dev-02-a,/api/reports,1434,1,0
2026-01-29T10:21:46,u03,US,atk-pe-8774,/api/documents/export,800,1,1
2026-01-24T09:33:36,u08,IE,dev-08-b,/api/reports,274,1,0
2026-01-31T18:28:27,u13,ES,dev-13-a,/api/orders,4711,1,0
2026-01-23T08:17:08,u11,US,dev-11-a,/api/orders,2047,1,0
2026-01-25T17:49:44,u04,DE,dev-04-a,/api/reports,2328,1,0
2026-01-07T12:04:34,u04,DE,dev-04-a,/api/orders,509,1,0
2026-01-21T02:29:09,u09,US,atk-sh-3864,/api/reports,1421,1,1
2026-01-04T01:10:42,u04,DE,atk-sh-7096,/api/reports,330,1,1
2026-01-23T14:29:02,u01,DE,dev-01-a,/api/documents/export,626729,1,1
2026-01-13T19:47:22,u12,ES,dev-12-b,/api/reports,149,1,0
2026-01-24T23:12:26,u12,ES,dev-12-b,/api/documents,948,1,0
2026-01-02T10:08:17,u06,RU,atk-8576,/api/orders,150,0,1
2026-01-23T20:40:01,u11,US,dev-11-b,/api/documents,160,1,0
2026-01-09T21:04:19,u09,FR,dev-09-a,/api/orders,1164,1,0
2026-01-19T08:57:57,u00,IE,dev-00-a,/api/documents,444,1,0
2026-01-05T14:31:30,u06,IE,dev-06-b,/api/reports,494,1,0
2026-01-29T09:47:00,u10,FR,dev-10-a,/api/system/backup,2200,1,0
2026-01-08T16:17:43,u13,ES,dev-13-a,/api/documents,8998,1,0
2026-01-20T01:54:37,u11,US,atk-sh-7766,/api/reports,1467,1,1
2026-01-28T09:38:31,u13,ES,dev-13-a,/api/admin/users,1180,1,0
2026-01-20T03:48:09,u14,DE,dev-14-a,/api/documents,596,1,0
2026-01-12T22:00:28,u09,US,dev-09-b,/api/orders,5806,1,0
2026-01-30T04:46:06,u13,ES,dev-13-a,/api/search,149,1,0
2026-01-10T01:51:32,u03,DE,dev-03-a,/api/profile,252,1,0
2026-01-02T00:18:44,u08,IE,dev-08-b,/api/profile,15380,1,0
2026-01-04T02:36:51,u09,US,dev-09-a,/api/reports,251,1,0
2026-01-14T14:40:02,u00,IE,dev-00-a,/api/reports,855,1,0
2026-01-09T19:58:44,u10,FR,dev-10-b,/api/search,1670,1,0
2026-01-14T23:56:10,u05,GB,dev-05-b,/api/documents,183,1,0
2026-01-26T23:43:04,u05,GB,dev-05-a,/api/orders,1724,1,0
2026-01-22T22:16:10,u05,GB,dev-05-a,/api/orders,1145,1,0
2026-01-15T20:27:53,u05,GB,dev-05-b,/api/documents/export,432510,1,1
2026-01-28T13:02:36,u11,US,dev-11-b,/api/orders,100,1,0
2026-01-05T23:17:13,u00,IE,dev-00-a,/api/profile,962,1,0
2026-01-04T21:18:25,u10,FR,dev-10-a,/api/orders,213,1,0
2026-01-13T21:10:28,u05,GB,dev-05-a,/api/reports,1772,1,0
2026-01-02T07:38:12,u14,DE,dev-14-a,/api/search,143,1,0
2026-01-08T02:21:28,u00,IE,dev-00-a,/api/documents,2453,1,0
2026-01-07T14:43:35,u05,RU,atk-pe-5683,/api/config,800,1,1
2026-01-18T04:44:15,u02,IE,dev-02-a,/api/documents/export,389149,1,1
2026-01-15T13:13:58,u02,IE,dev-02-a,/api/reports,561,1,0
2026-01-09T03:35:29,u02,IE,dev-02-a,/api/documents,300,1,0
2026-01-02T10:08:23,u06,RU,atk-8576,/api/reports,150,0,1
2026-01-24T14:54:46,u12,ES,dev-12-a,/api/profile,272,1,1
2026-01-21T03:44:57,u10,FR,dev-10-b,/api/documents,8097,1,0
2026-01-18T08:07:18,u13,ES,dev-13-a,/api/admin/users,864,1,0
2026-01-30T16:44:28,u00,IE,dev-00-a,/api/orders,1730,1,0
2026-01-24T15:55:01,u09,US,dev-09-b,/api/orders,2530,1,0
2026-01-17T00:08:46,u05,FR,dev-05-a,/api/search,344,1,0
2026-01-12T07:00:26,u07,IE,atk-sh-2400,/api/reports,2695,1,1
2026-01-12T22:25:04,u02,IE,dev-02-a,/api/documents,784,1,0
2026-01-23T21:40:49,u02,NG,atk-9891,/api/orders,150,0,1
2026-01-04T13:54:58,u14,DE,dev-14-a,/api/profile,232,1,0
2026-01-30T11:28:45,u02,IE,dev-02-a,/api/documents,730,1,0
2026-01-16T05:07:32,u08,IE,atk-sh-2851,/api/profile,249,1,1
2026-01-15T06:12:23,u05,GB,dev-05-a,/api/config,533,1,0
2026-01-09T13:54:29,u05,GB,dev-05-b,/api/reports,1339,1,0
2026-01-19T07:52:04,u13,ES,dev-13-a,/api/orders,6650,1,1
2026-01-31T00:56:53,u07,IE,dev-07-b,/api/admin/users,830,1,0
2026-01-12T19:27:32,u05,GB,dev-05-a,/api/orders,100,1,0
2026-01-18T12:16:22,u01,DE,dev-01-a,/api/profile,888,1,0
2026-01-10T03:25:44,u03,DE,dev-03-b,/api/documents,1066,1,0
2026-01-06T01:22:06,u07,IE,dev-07-a,/api/profile,3205,1,0
2026-01-29T14:51:40,u01,DE,dev-01-a,/api/orders,3631,1,0
2026-01-18T02:58:34,u06,IE,dev-06-b,/api/reports,815,1,0
2026-01-22T21:54:19,u10,FR,dev-10-a,/api/orders,1424,1,0
2026-01-26T06:26:17,u14,DE,dev-14-a,/api/orders,3038,1,0
2026-01-15T16:54:44,u06,IE,dev-06-a,/api/orders,3527,1,0
2026-01-11T20:50:55,u06,IE,dev-new-2395,/api/orders,1889,1,0
2026-01-22T20:44:13,u02,IE,dev-02-a,/api/reports,681,1,1
2026-01-29T00:23:03,u01,DE,dev-01-a,/api/reports,2119,1,0
2026-01-21T04:40:57,u01,DE,dev-01-a,/api/reports,4043,1,1
2026-01-23T22:17:44,u13,ES,dev-13-a,/api/orders,207,1,0
2026-01-10T18:24:27,u11,US,atk-sh-4994,/api/reports,1217,1,1
2026-01-09T08:13:47,u08,IE,dev-08-a,/api/search,763,1,0
2026-01-31T12:56:46,u06,IE,dev-06-b,/api/search,7368,1,0
2026-01-17T21:05:53,u04,DE,dev-04-a,/api/profile,2942,1,0
2026-01-12T09:08:38,u07,IE,dev-07-a,/api/reports,290,1,0
2026-01-03T23:51:16,u11,US,dev-11-b,/api/profile,794,1,0
2026-01-05T13:45:48,u01,DE,dev-01-a,/api/search,1314,1,0
2026-01-27T03:58:14,u14,DE,dev-14-a,/api/reports,651,1,0
2026-01-05T08:58:10,u14,DE,dev-14-a,/api/system/backup,1766,1,0
2026-01-02T22:18:07,u04,DE,atk-sh-3376,/api/profile,767,1,1
2026-01-09T17:22:52,u06,IE,atk-sh-7281,/api/documents,1435,1,1
2026-01-17T02:40:41,u07,IE,dev-07-a,/api/search,132,1,0
2026-01-05T08:44:04,u03,GB,dev-03-a,/api/reports,2069,1,0
2026-01-06T13:40:44,u07,IE,dev-new-3603,/api/reports,3464,1,0
2026-01-26T11:44:09,u00,IE,dev-00-a,/api/search,5865,1,0
2026-01-13T08:44:11,u01,JP,atk-tr-2718,/api/orders,800,1,1
2026-01-10T15:05:40,u11,US,dev-11-a,/api/documents/export,229,1,0
2026-01-05T17:18:54,u10,FR,dev-10-b,/api/profile,4893,1,0
2026-01-15T05:52:03,u09,US,dev-09-b,/api/orders,1374,1,0
2026-01-22T07:12:20,u09,US,dev-09-b,/api/orders,2210,1,0
2026-01-17T16:19:19,u03,DE,dev-03-b,/api/orders,1235,1,0
2026-01-12T00:44:05,u08,NG,atk-2371,/api/search,150,0,1
2026-01-24T02:44:12,u13,US,atk-pe-5482,/api/system/backup,800,1,1
2026-01-23T23:54:26,u08,IE,dev-08-b,/api/documents,1185,1,0
2026-01-02T23:09:53,u01,DE,dev-01-a,/api/reports,1850,1,0
2026-01-08T18:49:47,u03,DE,dev-03-a,/api/profile,277,1,0
2026-01-19T17:14:13,u05,GB,dev-05-b,/api/documents,741,1,0
2026-01-18T08:25:18,u07,IE,dev-07-b,/api/documents/export,236082,1,1
2026-01-23T10:04:34,u08,IE,dev-08-a,/api/search,896,1,0
2026-01-11T00:11:11,u13,ES,dev-13-a,/api/reports,1207,1,0
2026-01-20T19:11:08,u02,IE,dev-02-a,/api/search,1524,1,0
2026-01-18T08:06:21,u10,FR,dev-10-a,/api/orders,942,1,0
2026-01-13T01:12:59,u05,GB,dev-05-a,/api/documents,5584,1,0
2026-01-19T19:04:01,u12,ES,dev-12-b,/api/documents,100,1,0
2026-01-11T13:09:10,u04,DE,dev-04-a,/api/reports,1680,1,0
2026-01-05T17:46:11,u08,IE,dev-08-b,/api/reports,135,1,0
2026-01-17T00:11:37,u12,ES,dev-12-b,/api/documents/export,531467,1,1
2026-01-20T23:48:26,u01,RU,atk-5800,/api/reports,150,0,1
2026-01-12T13:55:05,u03,DE,dev-03-b,/api/reports,1360,1,0
2026-01-08T23:23:20,u07,IE,dev-07-b,/api/search,3127,1,0
2026-01-25T00:15:03,u11,US,dev-11-a,/api/documents,442,1,0
2026-01-18T23:47:03,u07,IE,dev-07-b,/api/documents/export,1543,1,0
2026-01-04T20:56:12,u09,US,dev-09-b,/api/search,1320,1,0
2026-01-04T03:52:10,u13,US,dev-13-a,/api/documents/export,800,1,1
2026-01-22T15:12:00,u13,ES,dev-13-a,/api/documents/export,487923,1,1
2026-01-18T20:08:01,u01,DE,dev-01-a,/api/reports,761,1,0
2026-01-30T15:58:33,u08,IE,dev-new-9818,/api/documents/export,2223,1,0
2026-01-24T07:26:21,u09,US,dev-09-a,/api/orders,1608,1,0
2026-01-21T19:23:33,u01,DE,dev-01-a,/api/documents,384,1,0
2026-01-29T23:38:29,u06,IE,dev-06-b,/api/config,54106,1,1
2026-01-12T17:51:42,u01,DE,dev-01-a,/api/documents,1081,1,0
2026-01-23T10:23:58,u10,FR,dev-10-a,/api/documents,420,1,0
2026-01-22T17:41:09,u07,IE,dev-07-b,/api/profile,247,1,0
2026-01-06T21:23:06,u02,IE,dev-02-a,/api/documents/export,98455,1,1
2026-01-02T22:13:16,u01,DE,dev-01-a,/api/orders,503,1,0
2026-01-05T03:45:53,u05,AU,atk-tr-8408,/api/search,800,1,1
2026-01-15T03:16:47,u11,US,dev-11-a,/api/profile,1988,1,0
2026-01-18T18:55:46,u09,US,dev-09-b,/api/documents,1621,1,0
2026-01-09T20:34:08,u06,IE,dev-06-b,/api/orders,1194,1,0
2026-01-21T02:21:21,u02,IE,dev-new-2141,/api/orders,875,1,0
2026-01-11T07:44:49,u03,DE,dev-03-a,/api/search,2973,1,0
2026-01-29T00:25:04,u05,GB,dev-05-b,/api/reports,3435,1,0
2026-01-12T11:58:52,u07,IE,dev-07-b,/api/profile,1262,1,0
2026-01-20T11:14:01,u10,US,atk-tr-9684,/api/reports,800,1,1
2026-01-04T14:31:13,u04,DE,dev-04-a,/api/admin/users,27071,1,1
2026-01-02T10:08:08,u06,RU,atk-8576,/api/orders,150,0,1
2026-01-20T20:13:23,u11,US,dev-11-a,/api/profile,1504,1,0
2026-01-22T11:19:18,u01,DE,dev-01-a,/api/profile,2363,1,0
2026-01-26T22:03:50,u12,ES,dev-12-b,/api/search,1674,1,0
2026-01-02T17:18:50,u06,US,atk-pe-3640,/api/config,800,1,1
2026-01-06T13:41:04,u00,IE,dev-00-a,/api/config,1583,1,0
2026-01-03T15:29:58,u09,US,dev-09-b,/api/search,1094,1,0
2026-01-28T23:12:41,u07,IE,atk-sh-5552,/api/profile,1293,1,1
2026-01-13T12:44:55,u09,US,dev-09-a,/api/reports,100,1,0
2026-01-25T18:37:39,u10,FR,dev-new-2144,/api/documents,605,1,0
2026-01-17T05:05:04,u00,IE,dev-00-a,/api/system/backup,12488,1,0
2026-01-29T13:59:51,u00,FR,dev-00-a,/api/search,738,1,0
2026-01-04T22:54:22,u07,IE,dev-07-b,/api/search,921,1,0
2026-01-22T08:00:15,u02,IE,dev-02-a,/api/documents,443,1,0
2026-01-02T02:15:35,u12,ES,dev-12-b,/api/search,1853,1,0
2026-01-29T20:38:34,u06,US,atk-tr-1911,/api/orders,800,1,1
2026-01-29T07:44:47,u02,IE,dev-02-a,/api/orders,4225,1,0
2026-01-17T22:41:28,u08,IE,dev-08-a,/api/documents,3571,1,0
2026-01-10T18:37:02,u11,US,dev-11-a,/api/documents,11826,1,1
2026-01-27T03:37:08,u06,IE,dev-06-a,/api/documents,2832,1,0
2026-01-11T03:56:38,u07,IE,dev-07-b,/api/reports,8005,1,0
2026-01-14T19:59:52,u07,IE,dev-07-a,/api/orders,555,1,0
2026-01-31T21:23:04,u01,DE,dev-01-a,/api/reports,463,1,0
2026-01-06T21:06:35,u07,IE,dev-07-b,/api/reports,3057,1,0
2026-01-16T11:15:44,u11,RU,atk-7808,/api/documents,150,0,1
2026-01-02T10:08:27,u06,RU,atk-8576,/api/documents,150,0,1
2026-01-21T20:11:25,u11,US,dev-11-a,/api/search,241,1,1
2026-01-26T15:32:20,u05,GB,dev-05-a,/api/orders,179,1,0
2026-01-24T23:13:30,u06,IE,dev-06-a,/api/documents/export,778357,1,1
2026-01-25T22:08:42,u03,BR,atk-5074,/api/reports,150,0,1
2026-01-07T21:21:43,u07,IE,dev-07-b,/api/reports,841,1,0
2026-01-26T09:21:24,u12,ES,dev-12-a,/api/documents,605,1,0
2026-01-08T23:54:11,u01,DE,dev-01-a,/api/documents,2907,1,0
2026-01-16T00:47:34,u11,US,dev-11-b,/api/search,1284,1,0
2026-01-11T11:01:52,u02,IE,dev-02-a,/api/config,1248,1,0
2026-01-03T17:13:27,u14,DE,dev-14-a,/api/search,942,1,0
2026-01-22T19:28:05,u11,US,dev-11-a,/api/search,116,1,0
2026-01-22T15:38:53,u07,IE,dev-07-a,/api/orders,241,1,1
2026-01-02T11:10:46,u03,DE,dev-03-a,/api/orders,18425,1,0
2026-01-22T15:12:09,u06,IE,dev-06-b,/api/orders,2280,1,0
2026-01-19T11:14:39,u13,ES,dev-13-a,/api/search,162,1,0
2026-01-02T10:08:19,u06,RU,atk-8576,/api/orders,150,0,1
2026-01-22T14:59:57,u05,GB,dev-05-b,/api/profile,3400,1,0
2026-01-25T11:39:12,u12,ES,dev-12-a,/api/documents,331,1,0
2026-01-23T03:26:13,u06,IE,dev-06-a,/api/documents,670,1,0
2026-01-16T03:03:22,u12,US,atk-tr-3004,/api/documents,800,1,1
2026-01-25T22:08:59,u03,BR,atk-5074,/api/search,150,0,1
2026-01-09T16:06:13,u06,IE,dev-06-b,/api/documents,221,1,0
2026-01-31T05:43:17,u12,NG,atk-2756,/api/documents,150,0,1
2026-01-18T16:43:21,u10,FR,dev-10-a,/api/documents,2636,1,0
2026-01-11T07:21:24,u00,IE,dev-00-a,/api/search,962,1,0
2026-01-31T11:33:05,u12,ES,dev-12-a,/api/reports,1614,1,0
2026-01-01T18:01:09,u08,IE,dev-08-b,/api/orders,328,1,0
2026-01-15T11:01:19,u13,ES,dev-13-a,/api/documents,1892,1,0
2026-01-03T23:23:02,u08,IE,dev-08-b,/api/profile,1874,1,0
2026-01-19T14:56:37,u04,DE,dev-04-a,/api/profile,3539,1,0
2026-01-29T22:01:00,u13,ES,dev-13-a,/api/documents,273,1,0
2026-01-24T11:27:03,u05,AU,atk-tr-2356,/api/search,800,1,1
2026-01-12T21:30:28,u11,US,dev-11-b,/api/profile,4609,1,0
2026-01-10T04:20:02,u01,DE,atk-sh-2487,/api/profile,4098,1,1
2026-01-11T02:05:09,u02,IE,dev-02-a,/api/search,651,1,0
2026-01-30T09:29:40,u10,FR,dev-10-b,/api/profile,1920,1,0
2026-01-30T22:49:43,u03,BR,atk-9180,/api/search,150,0,1
2026-01-15T01:00:57,u04,DE,dev-04-a,/api/documents,5124,1,0
2026-01-23T09:29:08,u11,US,dev-11-b,/api/orders,1021,1,0
2026-01-16T02:10:29,u11,US,dev-11-b,/api/reports,623,1,0
2026-01-25T19:47:02,u14,DE,dev-14-a,/api/profile,1602,1,0
2026-01-13T02:14:01,u13,ES,dev-13-a,/api/orders,255,1,0
2026-01-22T20:36:16,u09,US,dev-09-a,/api/reports,875,1,0
2026-01-19T00:28:59,u13,ES,dev-13-a,/api/search,1037,1,0
2026-01-03T04:20:28,u10,FR,dev-10-b,/api/search,310,1,0
2026-01-11T11:20:45,u12,ES,dev-12-a,/api/documents,1546,1,0
2026-01-04T11:43:49,u11,US,dev-11-b,/api/documents/export,246355,1,1
2026-01-13T21:56:30,u02,IE,dev-02-a,/api/config,1899,1,0
2026-01-28T17:03:22,u02,IE,dev-02-a,/api/orders,1972,1,0
2026-01-06T13:03:17,u07,IE,dev-07-a,/api/reports,3397,1,0
2026-01-12T16:51:54,u13,ES,dev-13-a,/api/orders,998,1,0
2026-01-20T01:17:01,u13,ES,dev-13-a,/api/profile,671,1,0
2026-01-25T09:46:08,u13,ES,dev-13-a,/api/reports,3168,1,0
2026-01-23T21:40:26,u02,NG,atk-9891,/api/profile,150,0,1
2026-01-16T11:16:23,u09,US,dev-09-a,/api/search,264,1,0
2026-01-14T21:17:15,u10,FR,dev-10-b,/api/reports,2980,1,0
2026-01-15T01:38:44,u09,AU,atk-tr-9838,/api/reports,800,1,1
2026-01-25T16:06:18,u12,BR,atk-6614,/api/documents,150,0,1
2026-01-30T14:18:39,u12,ES,dev-new-1112,/api/reports,1155,1,0
2026-01-20T02:16:35,u01,DE,dev-01-a,/api/documents,2392,1,0
2026-01-09T18:23:06,u01,JP,atk-tr-8139,/api/search,800,1,1
2026-01-09T17:06:03,u14,DE,dev-14-a,/api/search,4155,1,0
2026-01-22T06:36:51,u02,RU,atk-7909,/api/orders,150,0,1
2026-01-09T05:01:13,u05,GB,dev-05-b,/api/reports,1856,1,0
2026-01-16T14:46:50,u08,IE,dev-08-a,/api/documents,2843,1,0
2026-01-30T03:02:07,u08,IE,dev-08-b,/api/search,633,1,0
2026-01-05T16:17:44,u02,IE,dev-02-a,/api/admin/users,35325,1,1
2026-01-14T01:12:57,u13,ES,dev-13-a,/api/orders,1068,1,0
2026-01-04T10:43:17,u13,ES,dev-13-a,/api/orders,488,1,0
2026-01-05T16:15:26,u03,DE,dev-03-a,/api/search,2601,1,0
2026-01-03T22:05:50,u06,IE,dev-06-a,/api/reports,1163,1,0
2026-01-08T21:06:53,u10,FR,dev-10-b,/api/profile,1541,1,0
2026-01-28T16:38:52,u02,RU,dev-02-a,/api/config,800,1,1
2026-01-08T02:57:24,u07,IE,atk-sh-5053,/api/documents,6349,1,1
2026-01-25T16:06:04,u12,BR,atk-6614,/api/documents,150,0,1
2026-01-25T22:08:58,u03,BR,atk-5074,/api/reports,150,0,1
2026-01-07T17:16:50,u11,US,dev-11-b,/api/profile,3018,1,0
2026-01-22T04:05:20,u12,DE,dev-12-b,/api/documents,426,1,0
2026-01-12T03:50:48,u12,ES,dev-new-1357,/api/orders,807,1,0
2026-01-09T16:47:36,u05,GB,dev-05-a,/api/search,259,1,1
2026-01-29T13:03:38,u00,IE,dev-00-a,/api/profile,122,1,0
2026-01-16T06:40:04,u08,IE,dev-08-a,/api/system/backup,4099,1,0
2026-01-24T21:46:35,u05,GB,dev-05-a,/api/profile,2366,1,0
2026-01-31T18:57:40,u01,DE,dev-01-a,/api/profile,315,1,0
2026-01-28T12:07:21,u06,IE,dev-06-b,/api/search,175,1,0
2026-01-19T11:56:29,u12,ES,dev-12-a,/api/reports,10026,1,0
2026-01-02T11:09:10,u08,IE,dev-08-b,/api/reports,4714,1,0
2026-01-05T16:16:11,u08,IE,dev-08-b,/api/documents,1529,1,0
2026-01-05T20:04:35,u09,US,dev-09-a,/api/documents,3760,1,0
2026-01-28T08:50:49,u10,FR,dev-10-a,/api/reports,444,1,1
2026-01-16T11:15:43,u11,RU,atk-7808,/api/documents,150,0,1
2026-01-31T11:13:13,u05,GB,dev-05-b,/api/documents,738,1,0
2026-01-31T02:25:27,u01,DE,dev-01-a,/api/documents,1037,1,0
2026-01-17T03:19:31,u10,FR,dev-10-b,/api/profile,1859,1,0
2026-01-05T08:14:32,u01,DE,dev-01-a,/api/reports,2921,1,0
2026-01-24T01:38:08,u11,US,dev-11-b,/api/orders,264,1,0
2026-01-22T06:36:39,u02,RU,atk-7909,/api/profile,150,0,1
2026-01-26T02:28:13,u03,DE,dev-03-b,/api/search,237,1,1
2026-01-22T10:09:47,u14,DE,dev-14-a,/api/orders,1755,1,0
2026-01-25T23:05:46,u12,ES,dev-12-a,/api/profile,15948,1,0
2026-01-23T21:40:33,u02,NG,atk-9891,/api/search,150,0,1
2026-01-08T07:03:21,u13,ES,dev-13-a,/api/documents,653,1,0
2026-01-09T17:15:21,u10,FR,dev-10-a,/api/documents,1910,1,0
2026-01-10T12:13:46,u07,IE,dev-07-a,/api/reports,575,1,0
2026-01-29T13:48:28,u03,DE,dev-03-a,/api/search,1702,1,0
2026-01-08T04:38:06,u02,JP,atk-tr-1957,/api/orders,800,1,1
2026-01-28T11:21:21,u02,IE,dev-02-a,/api/orders,829,1,0
2026-01-29T03:56:36,u13,ES,dev-13-a,/api/reports,717,1,0
2026-01-11T18:02:05,u03,DE,dev-03-a,/api/orders,1235,1,0
2026-01-21T17:57:26,u05,AU,atk-tr-5852,/api/orders,800,1,1
2026-01-04T02:01:36,u08,IE,dev-08-a,/api/search,271,1,0
2026-01-02T01:23:11,u01,DE,dev-01-a,/api/documents/export,257531,1,1
2026-01-07T04:24:59,u01,DE,dev-01-a,/api/orders,794,1,0
2026-01-25T03:05:16,u14,DE,dev-14-a,/api/admin/users,47514,1,1
2026-01-04T16:30:49,u01,DE,dev-01-a,/api/reports,1277,1,0
2026-01-05T15:43:22,u11,RU,atk-pe-4918,/api/documents/export,800,1,1
2026-01-19T05:31:18,u12,ES,dev-12-a,/api/profile,1817,1,0
2026-01-21T11:43:58,u14,DE,dev-14-a,/api/reports,507,1,0
2026-01-31T11:34:49,u05,GB,dev-05-b,/api/orders,784,1,0
2026-01-28T08:47:51,u03,DE,dev-03-a,/api/orders,543,1,0
2026-01-31T05:43:08,u12,NG,atk-2756,/api/search,150,0,1
2026-01-22T23:21:41,u06,IE,dev-06-a,/api/documents,851,1,0
2026-01-03T18:51:04,u10,FR,dev-10-a,/api/search,631,1,0
2026-01-12T01:48:04,u07,IE,dev-07-b,/api/search,882,1,0
2026-01-11T14:30:57,u10,AU,atk-tr-6552,/api/profile,800,1,1
2026-01-04T23:30:39,u04,DE,dev-04-a,/api/orders,4101,1,0
2026-01-18T08:33:45,u05,GB,dev-05-b,/api/profile,688,1,0
2026-01-19T15:47:35,u10,FR,dev-10-a,/api/orders,937,1,0
2026-01-20T19:45:15,u08,IE,dev-08-a,/api/orders,4978,1,0
2026-01-18T03:17:39,u04,DE,dev-04-a,/api/search,635,1,1
2026-01-05T19:13:57,u03,DE,dev-03-b,/api/reports,947,1,0
2026-01-05T15:13:14,u11,US,dev-11-a,/api/search,129,1,0
2026-01-25T22:08:56,u03,BR,atk-5074,/api/search,150,0,1
2026-01-25T08:25:37,u05,GB,dev-05-b,/api/search,2631,1,0
2026-01-16T19:19:31,u12,ES,dev-12-a,/api/search,297,1,0
2026-01-03T01:36:13,u09,US,dev-09-b,/api/orders,2236,1,0
2026-01-16T06:35:33,u02,IE,dev-02-a,/api/search,751,1,0
2026-01-17T11:06:07,u13,ES,dev-new-3301,/api/profile,227,1,0
2026-01-30T12:26:18,u12,ES,dev-12-a,/api/reports,3554,1,0
2026-01-10T03:27:59,u04,DE,dev-04-a,/api/profile,564,1,0
2026-01-26T14:01:02,u00,IE,dev-00-a,/api/profile,805,1,0
2026-01-28T18:52:36,u03,DE,dev-03-a,/api/orders,3696,1,0
2026-01-23T03:20:02,u09,US,dev-09-a,/api/profile,4768,1,0
2026-01-10T06:08:51,u14,JP,atk-tr-7701,/api/search,800,1,1
2026-01-22T14:26:32,u10,FR,dev-10-a,/api/documents,1178,1,0
2026-01-29T00:49:07,u07,IE,dev-07-b,/api/orders,1182,1,0
2026-01-19T07:17:24,u12,ES,dev-12-b,/api/orders,283,1,0
2026-01-07T13:49:09,u07,IE,dev-07-a,/api/documents,3724,1,0
2026-01-02T10:08:02,u06,RU,atk-8576,/api/reports,150,0,1
2026-01-13T05:40:07,u04,DE,dev-04-a,/api/orders,1085,1,0
2026-01-12T06:46:06,u09,US,dev-09-b,/api/profile,214,1,0
2026-01-12T00:44:03,u08,NG,atk-2371,/api/profile,150,0,1
2026-01-20T07:30:53,u09,US,dev-09-a,/api/documents,1092,1,0
2026-01-14T14:13:34,u04,DE,dev-04-a,/api/orders,810,1,0
2026-01-22T12:37:00,u08,US,atk-tr-6004,/api/orders,800,1,1
2026-01-14T21:01:00,u14,DE,atk-sh-3279,/api/search,1490,1,1
2026-01-30T22:49:49,u03,BR,atk-9180,/api/search,150,0,1
2026-01-22T06:36:28,u02,RU,atk-7909,/api/reports,150,0,1
2026-01-30T20:52:29,u10,FR,dev-10-b,/api/search,1257,1,0
2026-01-28T22:34:09,u04,DE,atk-sh-8790,/api/search,1084,1,1
2026-01-09T08:07:27,u04,DE,dev-04-a,/api/documents,425,1,0
2026-01-11T02:57:51,u05,GB,dev-05-b,/api/reports,1633,1,0
2026-01-19T21:11:44,u04,DE,dev-04-a,/api/reports,1137,1,0
2026-01-20T11:19:14,u10,FR,dev-10-a,/api/documents,518,1,1
2026-01-23T10:11:59,u12,ES,dev-12-a,/api/orders,481,1,0
2026-01-31T05:43:15,u12,NG,atk-2756,/api/orders,150,0,1
2026-01-12T10:46:19,u03,DE,dev-03-a,/api/reports,631,1,0
2026-01-29T03:37:51,u07,IE,dev-07-a,/api/search,15662,1,0
2026-01-29T22:25:33,u04,DE,dev-04-a,/api/profile,129,1,0
2026-01-08T21:33:21,u14,DE,dev-14-a,/api/documents,4108,1,0
2026-01-11T02:22:34,u09,US,dev-09-a,/api/documents,174,1,0
2026-01-04T06:46:27,u14,DE,dev-14-a,/api/profile,130,1,0
2026-01-22T21:28:02,u11,US,dev-11-b,/api/config,18719,1,1
2026-01-16T21:03:22,u09,US,dev-09-b,/api/reports,329,1,0
2026-01-01T22:14:48,u11,US,dev-11-b,/api/search,7204,1,0
2026-01-06T22:30:36,u10,FR,dev-10-a,/api/documents,3617,1,0
2026-01-30T03:11:48,u11,US,dev-11-a,/api/reports,1754,1,0
2026-01-17T18:14:21,u02,IE,atk-sh-4627,/api/search,336,1,1
2026-01-23T22:13:29,u13,ES,dev-13-a,/api/search,542,1,0
2026-01-12T10:45:16,u02,IE,dev-02-a,/api/orders,381,1,0
2026-01-09T18:26:25,u11,US,dev-11-b,/api/reports,901,1,0
2026-01-05T22:51:08,u11,US,dev-11-a,/api/documents,899,1,0
2026-01-02T03:47:52,u05,GB,dev-05-a,/api/search,298,1,0
2026-01-19T12:00:52,u05,GB,dev-05-b,/api/documents,3973,1,0
2026-01-11T11:29:44,u08,IE,dev-08-a,/api/profile,352,1,0
2026-01-05T10:29:36,u05,GB,dev-05-b,/api/documents,20000,1,0
2026-01-09T23:36:47,u02,IE,dev-02-a,/api/orders,7311,1,0
2026-01-25T23:53:09,u14,US,atk-tr-9387,/api/orders,800,1,1
2026-01-03T16:21:23,u13,ES,dev-13-a,/api/orders,1801,1,0
2026-01-20T19:42:17,u13,ES,dev-13-a,/api/documents,775,1,0
2026-01-03T22:01:11,u12,RU,atk-pe-4230,/api/documents/export,800,1,1
2026-01-24T11:57:49,u09,US,dev-09-a,/api/orders,654,1,1
2026-02-01T01:42:59,u07,IE,dev-07-a,/api/profile,468,1,0
2026-01-11T13:27:55,u09,US,dev-09-b,/api/reports,1371,1,0
2026-01-23T21:40:50,u02,NG,atk-9891,/api/reports,150,0,1
2026-01-05T11:51:20,u11,US,atk-sh-9830,/api/orders,224,1,1
2026-01-08T11:28:32,u08,IE,dev-08-a,/api/reports,292,1,0
2026-01-16T00:41:18,u06,RU,atk-pe-3359,/api/documents/export,800,1,1
2026-01-28T02:50:10,u10,RU,atk-pe-7982,/api/documents/export,800,1,1
2026-01-30T14:06:21,u02,IE,dev-02-a,/api/orders,5537,1,0
2026-01-13T08:10:17,u05,GB,dev-05-b,/api/orders,2287,1,0
2026-01-20T23:48:14,u01,RU,atk-5800,/api/search,150,0,1
2026-01-27T02:00:26,u11,US,dev-11-a,/api/reports,5173,1,0
2026-01-27T05:55:35,u04,RU,dev-04-a,/api/admin/users,800,1,1
2026-01-30T15:03:15,u02,IE,dev-02-a,/api/reports,168,1,0
2026-01-16T01:57:30,u09,US,dev-09-a,/api/search,4072,1,0
2026-01-29T09:11:58,u01,DE,dev-01-a,/api/profile,812,1,0
2026-01-27T13:12:13,u02,IE,dev-02-a,/api/system/backup,458,1,0
2026-01-28T08:29:55,u12,ES,dev-12-b,/api/orders,4641,1,0
2026-01-11T06:12:59,u06,IE,dev-06-a,/api/documents,653,1,0
2026-01-11T07:45:12,u03,DE,dev-03-b,/api/reports,1743,1,0
2026-01-30T22:07:38,u05,GB,dev-05-a,/api/orders,172,1,0
2026-01-04T14:06:50,u04,DE,dev-04-a,/api/orders,1712,1,0
2026-01-09T11:57:48,u08,IE,dev-08-b,/api/documents,238,1,0
2026-01-07T01:23:17,u09,US,dev-09-a,/api/profile,700,1,0
2026-01-12T01:48:37,u12,ES,dev-12-a,/api/reports,1973,1,0
2026-01-08T13:01:53,u02,IE,dev-02-a,/api/documents,332,1,1
2026-01-16T09:33:18,u14,DE,dev-14-a,/api/documents,1857,1,0
2026-01-12T23:48:09,u06,IE,dev-06-b,/api/orders,1307,1,0
2026-01-15T08:11:06,u14,DE,dev-14-a,/api/profile,666,1,0
2026-01-25T18:50:30,u03,DE,dev-03-a,/api/orders,2221,1,1
2026-01-21T03:16:21,u01,DE,dev-01-a,/api/search,1722,1,0
2026-01-02T03:11:12,u10,FR,dev-10-b,/api/search,8492,1,0
2026-01-29T16:21:50,u12,ES,dev-12-b,/api/profile,1891,1,0
2026-01-20T04:19:46,u04,DE,dev-04-a,/api/search,1321,1,0
2026-01-25T13:45:44,u02,IE,dev-02-a,/api/profile,457,1,0
2026-01-12T03:13:04,u10,FR,dev-10-b,/api/orders,732,1,0
2026-01-27T15:24:02,u13,ES,dev-13-a,/api/documents,423,1,0
2026-01-09T16:07:23,u05,GB,dev-05-b,/api/documents,221,1,0
2026-01-18T10:46:46,u07,IE,dev-07-a,/api/search,755,1,0
2026-01-17T14:04:34,u02,IE,dev-02-a,/api/orders,1249,1,0
2026-01-30T11:31:35,u02,IE,dev-02-a,/api/documents,889,1,0
2026-01-20T14:05:29,u01,DE,dev-01-a,/api/orders,3027,1,0
2026-01-25T05:00:16,u07,IE,dev-07-b,/api/search,5913,1,0
2026-01-13T07:59:09,u04,DE,dev-04-a,/api/search,1230,1,0
2026-01-25T22:08:53,u03,BR,atk-5074,/api/profile,150,0,1
2026-01-16T02:27:40,u02,IE,atk-sh-3627,/api/orders,20000,1,1
2026-01-20T07:57:05,u13,ES,dev-13-a,/api/orders,308,1,0
2026-01-10T21:22:48,u08,IE,dev-08-b,/api/reports,344,1,0
2026-01-15T00:24:24,u08,IE,dev-08-b,/api/documents,1547,1,0
2026-01-23T13:25:16,u01,DE,dev-01-a,/api/orders,142,1,0
2026-01-23T10:24:31,u13,ES,dev-new-6309,/api/reports,2846,1,0
2026-01-28T05:44:24,u08,IE,dev-08-b,/api/config,20000,1,0
2026-01-31T05:43:19,u12,NG,atk-2756,/api/reports,150,0,1
2026-01-12T00:44:13,u08,NG,atk-2371,/api/reports,150,0,1
2026-01-12T15:12:40,u03,DE,dev-03-b,/api/documents,568,1,0
2026-01-08T05:07:50,u13,ES,dev-13-a,/api/reports,2027,1,0
2026-01-27T14:03:05,u13,ES,dev-13-a,/api/documents,4639,1,0
2026-01-29T04:41:00,u02,IE,dev-02-a,/api/profile,924,1,0
2026-01-02T23:40:10,u09,US,dev-09-b,/api/profile,331,1,1
2026-01-21T23:03:45,u03,DE,dev-03-a,/api/documents,735,1,1
2026-01-08T07:52:32,u08,IE,dev-08-b,/api/admin/users,2944,1,0
2026-01-31T16:44:05,u04,DE,dev-04-a,/api/admin/users,6052,1,0
2026-01-23T21:40:48,u02,NG,atk-9891,/api/profile,150,0,1
2026-01-27T01:20:27,u10,FR,dev-10-a,/api/documents/export,431774,1,1
2026-01-15T07:07:41,u05,GB,atk-sh-6725,/api/documents,834,1,1
2026-01-22T02:48:53,u02,IE,dev-02-a,/api/profile,2719,1,0
2026-01-22T19:32:07,u11,US,dev-11-b,/api/documents/export,219697,1,1
2026-01-20T11:09:22,u09,US,dev-09-a,/api/documents,1569,1,1
2026-01-02T23:07:30,u13,ES,dev-13-a,/api/reports,232,1,0
2026-01-10T11:54:20,u05,JP,atk-tr-9451,/api/orders,800,1,1
2026-01-02T07:41:15,u14,BR,atk-1667,/api/reports,150,0,1
2026-01-25T22:47:03,u04,DE,dev-04-a,/api/search,1226,1,0
2026-01-30T22:55:46,u07,IE,dev-07-b,/api/search,1053,1,0
2026-01-28T01:09:05,u08,IE,dev-08-a,/api/reports,416,1,0
2026-01-27T02:25:07,u05,GB,dev-05-b,/api/config,611,1,0
2026-01-12T14:16:44,u04,DE,dev-04-a,/api/profile,997,1,0
2026-01-25T09:40:06,u01,DE,dev-01-a,/api/reports,481,1,0
2026-01-07T23:37:32,u14,DE,dev-14-a,/api/documents,634,1,0
2026-01-24T03:27:34,u06,IE,dev-06-b,/api/orders,1472,1,0
2026-01-08T11:01:10,u04,DE,dev-04-a,/api/profile,1156,1,0
2026-01-24T10:52:48,u13,ES,dev-13-a,/api/reports,334,1,0
2026-01-22T06:36:24,u02,RU,atk-7909,/api/profile,150,0,1
2026-01-26T00:44:57,u03,RU,atk-pe-2866,/api/config,800,1,1
2026-01-26T19:58:52,u07,IE,dev-07-b,/api/documents,276,1,0
2026-01-22T06:36:30,u02,RU,atk-7909,/api/profile,150,0,1
2026-01-05T12:13:30,u08,IE,dev-08-b,/api/documents,1633,1,0
2026-01-10T22:30:35,u07,IE,dev-07-b,/api/profile,2145,1,0
2026-01-04T22:24:43,u03,DE,dev-03-a,/api/documents,243,1,0
2026-01-30T16:15:29,u12,ES,dev-12-a,/api/orders,620,1,0
2026-01-02T03:05:51,u10,FR,dev-10-b,/api/orders,821,1,0
2026-01-18T08:56:13,u10,FR,dev-new-5402,/api/documents,1026,1,0
2026-01-22T09:03:29,u10,FR,dev-10-b,/api/documents,3872,1,0
2026-01-20T23:48:15,u01,RU,atk-5800,/api/search,150,0,1
2026-01-04T15:36:57,u13,ES,dev-13-a,/api/orders,554,1,0
2026-01-25T22:08:50,u03,BR,atk-5074,/api/profile,150,0,1
2026-01-05T03:59:51,u08,IE,dev-08-b,/api/profile,793,1,0
2026-01-18T11:35:17,u11,US,atk-sh-7343,/api/reports,2985,1,1
2026-01-23T08:54:35,u10,FR,dev-10-b,/api/orders,2748,1,0
2026-01-10T22:14:59,u03,DE,dev-03-a,/api/reports,736,1,0
2026-01-04T04:56:26,u00,IE,dev-00-a,/api/search,748,1,0
2026-01-08T04:14:24,u11,US,dev-11-b,/api/documents,1883,1,0
2026-01-06T12:25:46,u01,DE,dev-01-a,/api/profile,1662,1,0
2026-01-14T06:15:06,u01,DE,dev-01-a,/api/config,40415,1,1
2026-01-15T02:22:13,u12,ES,dev-12-b,/api/profile,3323,1,0
2026-01-16T05:39:31,u02,IE,dev-02-a,/api/documents,1797,1,0
2026-01-17T20:24:47,u14,DE,dev-14-a,/api/orders,2924,1,0
2026-01-02T21:04:53,u11,US,dev-11-b,/api/profile,1852,1,0
2026-01-13T14:23:04,u00,IE,dev-00-a,/api/search,1461,1,0
2026-01-15T00:29:36,u11,US,dev-11-b,/api/reports,1048,1,0
2026-01-14T15:23:14,u01,DE,dev-01-a,/api/search,10967,1,0
2026-01-17T17:19:05,u03,RU,atk-pe-1228,/api/system/backup,800,1,1
2026-01-10T09:33:45,u02,IE,dev-02-a,/api/reports,4020,1,0
2026-01-21T15:56:58,u00,IE,dev-00-a,/api/reports,380,1,0
2026-01-23T15:32:53,u03,DE,dev-03-a,/api/documents,100,1,0
2026-01-19T18:48:27,u00,IE,dev-00-a,/api/documents,484,1,0
2026-01-11T01:54:51,u09,US,dev-09-a,/api/config,925,1,0
2026-01-17T10:12:37,u01,DE,dev-01-a,/api/profile,285,1,0
2026-01-16T01:24:20,u06,IE,dev-06-b,/api/config,2599,1,0
2026-01-07T09:44:00,u03,DE,dev-03-b,/api/search,275,1,0
2026-01-21T00:51:51,u08,IE,dev-08-a,/api/documents,2617,1,0
2026-01-27T13:55:42,u09,US,dev-09-a,/api/reports,1045,1,0
2026-01-24T20:13:26,u02,IE,dev-02-a,/api/documents,462,1,0
2026-01-29T12:51:04,u10,FR,dev-10-b,/api/documents,108,1,0
2026-01-05T06:16:26,u00,IE,dev-00-a,/api/reports,2608,1,0
2026-01-07T16:20:52,u12,ES,dev-12-a,/api/search,5868,1,0
2026-01-05T00:54:15,u04,DE,dev-04-a,/api/orders,2325,1,1
2026-01-18T06:49:03,u13,ES,dev-13-a,/api/documents,5772,1,0
2026-01-05T13:49:03,u02,IE,dev-02-a,/api/documents/export,226,1,0
2026-01-13T21:19:05,u14,DE,dev-14-a,/api/orders,2435,1,0
2026-01-27T13:17:33,u01,DE,dev-01-a,/api/profile,411,1,0
2026-01-27T17:57:07,u00,IE,dev-00-a,/api/documents/export,250725,1,1
2026-01-12T00:44:00,u08,NG,atk-2371,/api/documents,150,0,1
2026-01-24T17:12:49,u00,IE,dev-00-a,/api/search,2025,1,0
2026-01-02T11:59:23,u07,JP,atk-tr-1512,/api/reports,800,1,1
2026-01-12T22:20:58,u14,DE,dev-14-a,/api/reports,1003,1,0
2026-01-19T22:56:50,u02,IE,dev-02-a,/api/reports,2145,1,0
2026-01-11T19:42:34,u14,DE,dev-14-a,/api/reports,651,1,0
2026-01-12T02:24:49,u13,ES,dev-13-a,/api/reports,2015,1,0
2026-01-26T06:58:58,u09,US,dev-09-a,/api/documents,606,1,0
2026-01-03T22:43:29,u10,FR,dev-10-a,/api/search,4151,1,0
2026-01-27T08:09:54,u13,ES,dev-13-a,/api/system/backup,1129,1,0
2026-01-19T09:31:57,u14,DE,dev-14-a,/api/profile,910,1,0
2026-01-21T00:49:13,u03,DE,dev-03-b,/api/documents,2584,1,0
2026-01-29T10:21:13,u14,DE,dev-14-a,/api/profile,138,1,0
2026-01-15T13:18:14,u08,IE,dev-08-a,/api/reports,467,1,0
2026-01-28T08:18:34,u13,ES,dev-13-a,/api/profile,319,1,0
2026-01-02T17:45:56,u02,IE,dev-02-a,/api/reports,508,1,1
2026-01-24T18:32:31,u01,DE,dev-01-a,/api/profile,1063,1,0
2026-01-02T07:40:53,u14,BR,atk-1667,/api/profile,150,0,1
2026-01-04T23:21:17,u01,DE,dev-01-a,/api/documents,1054,1,0
2026-01-23T15:52:42,u01,JP,atk-tr-4268,/api/reports,800,1,1
2026-01-26T23:00:22,u05,GB,dev-05-b,/api/orders,2802,1,0
2026-01-22T07:07:59,u11,US,dev-11-a,/api/documents,1672,1,0
2026-01-14T03:06:43,u11,US,dev-11-b,/api/documents/export,428025,1,1
2026-01-09T20:27:56,u01,DE,dev-01-a,/api/orders,260,1,0
2026-01-09T16:16:01,u06,IE,dev-06-b,/api/documents,1502,1,0
2026-01-05T16:35:27,u13,ES,dev-13-a,/api/search,361,1,0
2026-01-23T00:26:52,u09,RU,dev-09-a,/api/documents/export,800,1,1
2026-01-09T13:52:43,u02,IE,dev-02-a,/api/documents,188,1,0
2026-01-17T06:15:41,u00,IE,dev-00-a,/api/profile,1060,1,0
2026-01-08T01:52:31,u11,US,dev-11-a,/api/config,10459,1,1
2026-01-05T03:21:18,u14,DE,dev-14-a,/api/documents,1137,1,0
2026-01-13T19:42:47,u06,IE,dev-06-b,/api/documents,2013,1,0
2026-01-29T02:53:37,u11,US,dev-11-b,/api/reports,899,1,0
2026-01-13T20:38:10,u11,US,dev-11-a,/api/search,1331,1,0
2026-01-03T07:05:32,u01,DE,dev-new-1024,/api/profile,5103,1,0
2026-01-16T20:59:33,u10,FR,dev-10-a,/api/search,1463,1,0
2026-01-26T09:36:52,u01,DE,dev-01-a,/api/config,1738,1,0
2026-01-21T08:12:29,u07,IE,dev-07-b,/api/search,1715,1,0
2026-01-12T17:55:28,u09,US,dev-09-b,/api/orders,195,1,0
2026-01-04T20:39:23,u02,IE,dev-02-a,/api/documents,1630,1,0
2026-01-10T08:03:38,u00,IE,dev-00-a,/api/profile,1606,1,0
2026-01-28T00:36:49,u14,JP,atk-tr-2155,/api/profile,800,1,1
2026-01-14T12:12:04,u12,ES,dev-12-b,/api/orders,157,1,0
2026-01-10T18:24:21,u14,DE,dev-14-a,/api/reports,2685,1,0
2026-01-12T00:44:17,u08,NG,atk-2371,/api/reports,150,0,1
2026-01-30T06:39:08,u02,IE,dev-02-a,/api/reports,148,1,1
2026-01-11T04:01:46,u12,ES,dev-12-a,/api/search,206,1,0
2026-01-10T15:24:12,u03,DE,dev-03-b,/api/orders,3036,1,0
2026-01-11T06:44:06,u09,US,dev-09-a,/api/documents,407,1,0
2026-01-31T05:42:55,u12,NG,atk-2756,/api/reports,150,0,1
2026-01-19T03:13:59,u14,DE,dev-14-a,/api/orders,3407,1,0
2026-01-12T21:54:32,u00,IE,dev-00-a,/api/search,1351,1,0
2026-01-04T05:13:20,u12,ES,dev-12-b,/api/orders,10871,1,0
2026-01-18T13:27:39,u01,JP,atk-tr-9149,/api/orders,800,1,1
2026-01-29T09:12:21,u03,DE,dev-03-b,/api/documents/export,329171,1,1
2026-01-09T07:54:30,u12,ES,dev-12-b,/api/documents/export,627869,1,1
2026-01-27T18:02:42,u12,ES,dev-12-b,/api/search,2500,1,0
2026-01-31T16:31:27,u13,ES,dev-13-a,/api/search,1332,1,0
2026-01-06T09:19:36,u12,ES,dev-12-a,/api/orders,8080,1,0
2026-01-19T02:55:24,u09,US,dev-09-a,/api/reports,387,1,0
2026-01-10T22:37:52,u06,IE,dev-06-a,/api/orders,252,1,0
2026-01-25T16:06:14,u12,BR,atk-6614,/api/reports,150,0,1
2026-01-09T19:12:20,u12,AU,atk-tr-4454,/api/profile,800,1,1
2026-01-15T07:24:34,u13,ES,dev-13-a,/api/documents,626,1,0
2026-01-13T12:32:54,u12,ES,dev-12-a,/api/orders,1501,1,0
2026-01-25T19:17:39,u09,US,dev-09-b,/api/orders,1506,1,0
2026-01-10T18:20:51,u05,GB,dev-05-b,/api/search,232,1,0
2026-01-20T13:47:10,u12,ES,dev-12-a,/api/documents/export,15660,1,1
2026-01-05T01:01:46,u11,US,dev-11-a,/api/documents/export,159765,1,1
2026-01-28T10:11:35,u14,DE,dev-14-a,/api/search,457,1,0
2026-01-03T13:03:37,u11,US,atk-sh-4065,/api/reports,711,1,1
2026-01-04T13:33:40,u02,IE,dev-02-a,/api/orders,4269,1,0
2026-01-18T16:17:30,u04,IN,dev-04-a,/api/reports,3036,1,0
2026-01-16T23:00:40,u08,IE,dev-08-a,/api/documents/export,727,1,0
2026-01-19T22:28:42,u06,IE,dev-06-b,/api/documents,362,1,0
2026-01-30T04:41:52,u02,IE,dev-02-a,/api/documents,2058,1,0
2026-01-06T08:18:42,u14,DE,dev-14-a,/api/reports,2656,1,0
2026-01-17T14:00:07,u08,IE,dev-08-a,/api/search,1266,1,0
2026-01-28T07:30:11,u13,ES,dev-13-a,/api/documents,1726,1,0
2026-01-13T16:30:54,u06,IE,dev-06-b,/api/search,560,1,0
2026-01-21T19:39:16,u11,US,dev-11-b,/api/search,2747,1,0
2026-01-13T19:47:16,u03,DE,dev-03-a,/api/reports,1616,1,0
2026-01-12T02:12:55,u04,DE,dev-04-a,/api/reports,377,1,0
2026-01-28T06:24:13,u10,FR,dev-10-b,/api/documents,1473,1,0
2026-01-04T19:47:48,u13,ES,dev-13-a,/api/documents/export,761353,1,1
2026-01-11T05:03:53,u07,RU,atk-pe-9648,/api/system/backup,800,1,1
2026-01-25T22:22:05,u11,US,dev-11-a,/api/search,543,1,0
2026-01-01T19:25:08,u14,DE,dev-14-a,/api/documents,976,1,0
2026-01-10T17:04:56,u12,ES,dev-12-b,/api/profile,664,1,0
2026-01-23T22:24:33,u04,DE,dev-04-a,/api/orders,132,1,0
2026-01-26T18:05:40,u01,DE,atk-sh-6400,/api/orders,651,1,1
2026-01-23T05:55:40,u01,DE,dev-01-a,/api/reports,956,1,0
2026-01-30T22:49:40,u03,BR,atk-9180,/api/documents,150,0,1
2026-01-22T08:18:53,u02,IE,dev-02-a,/api/search,677,1,0
2026-01-03T11:10:31,u11,US,dev-11-b,/api/profile,714,1,0
2026-01-09T01:27:45,u02,IE,dev-new-7056,/api/search,457,1,0
2026-01-08T12:39:42,u10,FR,dev-10-a,/api/search,723,1,0
2026-01-19T03:57:29,u09,US,atk-sh-2838,/api/search,2307,1,1
2026-01-28T18:33:51,u02,GB,dev-02-a,/api/orders,531,1,0
2026-01-16T01:43:39,u14,US,atk-pe-8073,/api/documents/export,800,1,1
2026-01-31T04:23:54,u05,GB,dev-05-b,/api/documents,479,1,0
2026-01-12T00:44:09,u08,NG,atk-2371,/api/reports,150,0,1
2026-01-29T07:00:54,u03,NG,atk-1712,/api/reports,150,0,1
2026-01-09T22:43:40,u09,US,dev-09-a,/api/orders,3051,1,0
2026-01-09T11:38:44,u09,US,dev-09-b,/api/documents,1075,1,0
2026-01-21T03:59:48,u05,GB,dev-05-b,/api/orders,323,1,0
2026-01-05T04:58:51,u05,US,dev-05-a,/api/config,800,1,1
2026-01-23T08:41:42,u12,ES,dev-12-a,/api/reports,1508,1,0
2026-01-23T21:40:51,u02,NG,atk-9891,/api/reports,150,0,1
2026-01-08T20:48:12,u10,FR,dev-new-8617,/api/reports,944,1,0
2026-01-22T06:36:42,u02,RU,atk-7909,/api/profile,150,0,1
2026-01-09T07:41:17,u12,ES,dev-12-a,/api/search,1093,1,0
2026-01-18T11:38:16,u02,IE,dev-02-a,/api/admin/users,3610,1,1
2026-01-15T06:11:32,u07,US,dev-07-a,/api/documents/export,800,1,1
2026-01-17T05:25:55,u11,US,dev-11-b,/api/search,380,1,0
2026-01-23T00:05:59,u06,IE,dev-06-a,/api/documents,156,1,0
2026-01-09T00:50:44,u14,DE,atk-sh-4717,/api/profile,2153,1,1
2026-01-21T08:41:05,u14,DE,dev-14-a,/api/orders,10542,1,0
2026-01-02T07:41:09,u14,BR,atk-1667,/api/search,150,0,1
2026-01-02T07:13:20,u06,IE,dev-06-b,/api/documents,389,1,0
2026-01-11T06:06:52,u12,ES,dev-12-a,/api/documents,367,1,0
2026-01-02T05:23:04,u07,IE,dev-07-b,/api/documents,1195,1,0
2026-01-27T12:25:00,u02,IE,dev-02-a,/api/profile,844,1,0
2026-01-09T15:55:20,u04,DE,dev-04-a,/api/documents,1802,1,0
2026-01-19T14:34:00,u05,GB,dev-05-a,/api/profile,2798,1,0
2026-01-21T20:07:45,u08,IE,dev-08-b,/api/reports,3279,1,0
2026-01-11T03:26:20,u14,US,atk-tr-2377,/api/documents,800,1,1
2026-01-02T07:41:12,u14,BR,atk-1667,/api/orders,150,0,1
2026-01-04T10:04:11,u07,IE,atk-sh-8852,/api/profile,1775,1,1
2026-01-12T11:54:48,u03,DE,dev-03-b,/api/reports,394,1,0
2026-01-29T03:48:18,u06,IE,dev-06-a,/api/orders,1537,1,0
2026-01-21T08:00:50,u13,ES,dev-13-a,/api/documents/export,160317,1,1
2026-01-15T12:37:49,u09,US,dev-09-a,/api/documents/export,384259,1,1
2026-01-30T16:13:10,u07,IE,dev-07-b,/api/orders,639,1,0
2026-01-14T18:23:02,u05,GB,dev-05-a,/api/reports,184,1,0
2026-01-29T09:53:55,u13,ES,dev-13-a,/api/search,262,1,0
2026-01-24T06:18:12,u11,US,dev-11-a,/api/orders,1303,1,1
2026-01-22T09:19:11,u06,IE,dev-06-a,/api/orders,1513,1,0
2026-01-06T21:43:59,u04,DE,dev-04-a,/api/reports,342,1,0
2026-01-15T04:55:07,u05,GB,dev-05-b,/api/search,4068,1,0
2026-01-04T01:56:44,u08,RU,atk-pe-6257,/api/system/backup,800,1,1
2026-01-16T20:57:30,u11,US,dev-11-b,/api/documents/export,1202,1,0
2026-01-14T00:50:41,u12,ES,dev-12-b,/api/search,1648,1,0
2026-01-19T20:57:17,u06,IE,dev-06-b,/api/documents,619,1,0
2026-01-20T00:31:44,u03,DE,dev-new-8787,/api/documents,1370,1,0
2026-01-23T13:27:43,u11,US,dev-11-a,/api/profile,293,1,0
2026-01-14T02:38:43,u11,US,dev-11-a,/api/search,1064,1,0
2026-01-01T16:46:25,u01,DE,dev-01-a,/api/profile,2072,1,0
2026-01-13T11:00:18,u00,IE,dev-00-a,/api/documents/export,559814,1,1
2026-01-11T21:10:28,u06,IE,dev-06-a,/api/profile,2141,1,0
2026-01-09T06:10:27,u04,DE,dev-04-a,/api/profile,1208,1,0
2026-01-30T22:49:53,u03,BR,atk-9180,/api/orders,150,0,1
2026-01-04T12:10:15,u12,ES,dev-new-6024,/api/search,904,1,0
2026-01-12T22:44:30,u10,FR,dev-10-a,/api/documents,568,1,0
2026-01-02T10:59:51,u06,IE,dev-06-b,/api/search,539,1,0
2026-01-26T08:09:54,u00,IE,dev-00-a,/api/reports,1812,1,0
2026-01-05T00:47:38,u09,US,dev-09-b,/api/orders,365,1,0
2026-01-01T12:48:58,u05,RU,atk-pe-5941,/api/documents/export,800,1,1
2026-01-25T22:08:47,u03,BR,atk-5074,/api/orders,150,0,1
2026-01-27T11:07:07,u12,ES,dev-12-a,/api/orders,2781,1,0
2026-01-15T16:53:14,u14,DE,dev-14-a,/api/search,2639,1,0
2026-01-16T13:13:03,u06,IE,dev-06-b,/api/documents,218,1,0
2026-01-26T21:55:54,u12,ES,dev-12-a,/api/orders,268,1,0
2026-01-02T16:44:48,u10,FR,dev-10-a,/api/reports,1450,1,0
2026-01-20T21:21:24,u07,IE,dev-07-a,/api/documents,1063,1,0
2026-01-11T01:02:18,u12,ES,dev-12-b,/api/reports,732,1,0
2026-01-22T06:36:26,u02,RU,atk-7909,/api/reports,150,0,1
2026-01-16T13:35:17,u12,ES,dev-12-b,/api/orders,1127,1,0
2026-01-04T06:13:07,u01,DE,dev-01-a,/api/reports,335,1,0
2026-01-30T02:40:21,u08,IE,dev-08-a,/api/documents,3464,1,0
2026-01-04T05:55:24,u01,DE,dev-01-a,/api/reports,4001,1,0
2026-01-28T14:17:46,u08,IE,dev-08-b,/api/search,1127,1,0
2026-01-11T23:38:58,u05,GB,dev-05-b,/api/documents,131,1,0
2026-01-25T22:08:41,u03,BR,atk-5074,/api/profile,150,0,1
2026-01-03T22:27:06,u05,GB,dev-05-b,/api/reports,720,1,0
2026-01-02T13:59:56,u00,IE,dev-00-a,/api/search,3819,1,0
2026-01-22T01:04:33,u02,IE,dev-02-a,/api/search,3036,1,1
2026-01-23T15:08:24,u01,DE,dev-01-a,/api/documents,1326,1,0
2026-01-14T21:17:00,u08,IE,dev-08-a,/api/profile,897,1,0
2026-01-31T08:23:19,u03,DE,dev-03-b,/api/documents/export,539,1,0
2026-01-15T12:24:26,u07,IE,dev-07-b,/api/orders,3295,1,0
2026-01-06T16:28:33,u09,US,dev-09-b,/api/documents/export,197865,1,1
2026-01-20T16:49:27,u14,DE,dev-14-a,/api/search,3082,1,0
2026-01-16T03:47:39,u05,GB,dev-05-a,/api/orders,1778,1,0
2026-01-09T23:00:45,u12,ES,atk-sh-5778,/api/orders,216,1,1
2026-01-09T04:21:22,u08,IE,dev-08-b,/api/reports,597,1,0
2026-01-11T00:36:29,u12,ES,dev-12-a,/api/config,51394,1,1
2026-01-12T00:43:58,u08,NG,atk-2371,/api/documents,150,0,1
2026-01-20T00:33:26,u01,DE,dev-01-a,/api/reports,341,1,0
2026-01-13T07:57:48,u06,IE,dev-06-b,/api/admin/users,20960,1,1
2026-01-19T01:30:40,u14,DE,dev-14-a,/api/documents,1708,1,0
2026-01-10T18:02:00,u06,IE,dev-06-b,/api/documents,981,1,0
2026-01-29T10:52:13,u01,DE,dev-01-a,/api/orders,916,1,0
2026-01-20T08:35:53,u14,DE,dev-14-a,/api/reports,808,1,0
2026-01-24T23:42:46,u01,DE,dev-01-a,/api/search,1672,1,0
2026-01-31T07:15:16,u06,IE,dev-06-a,/api/search,1325,1,0
2026-01-29T08:38:24,u12,ES,dev-12-b,/api/reports,5165,1,0
2026-01-30T05:21:30,u01,DE,dev-01-a,/api/profile,573,1,0
2026-01-18T06:09:01,u00,US,dev-00-a,/api/config,800,1,1
2026-01-11T05:20:45,u09,US,dev-09-b,/api/search,1119,1,0
2026-01-23T05:15:58,u07,IE,dev-07-a,/api/profile,267,1,0
2026-01-19T17:38:58,u06,IE,dev-06-a,/api/search,6005,1,0
2026-01-20T05:18:42,u11,US,dev-11-b,/api/documents,353,1,0
2026-01-16T12:25:10,u02,IE,dev-02-a,/api/search,1082,1,0
2026-01-05T17:20:06,u13,RU,dev-13-a,/api/documents/export,800,1,1
2026-01-01T19:14:38,u07,IE,dev-07-b,/api/admin/users,33657,1,1
2026-01-03T14:37:19,u02,IE,dev-02-a,/api/documents,938,1,0
2026-01-02T10:08:30,u06,RU,atk-8576,/api/reports,150,0,1
2026-01-13T13:21:11,u13,ES,dev-13-a,/api/search,3900,1,0
2026-01-23T19:04:16,u11,US,atk-pe-1103,/api/admin/users,800,1,1
2026-01-02T10:08:21,u06,RU,atk-8576,/api/reports,150,0,1
2026-01-13T05:49:10,u05,GB,dev-05-b,/api/config,2025,1,0
2026-01-30T04:19:45,u11,US,dev-11-a,/api/reports,1296,1,0
2026-01-02T10:08:03,u06,RU,atk-8576,/api/orders,150,0,1
2026-01-16T09:48:18,u04,DE,dev-04-a,/api/orders,627,1,0
2026-01-13T14:31:38,u06,IE,dev-06-b,/api/search,204,1,0
2026-01-16T11:15:36,u11,RU,atk-7808,/api/documents,150,0,1
2026-01-09T12:18:09,u00,JP,atk-tr-8757,/api/search,800,1,1
2026-01-28T23:32:49,u02,IE,dev-02-a,/api/orders,643,1,0
2026-01-19T14:07:37,u03,DE,dev-03-a,/api/search,2920,1,0
2026-01-16T12:50:09,u09,JP,atk-tr-2793,/api/documents,800,1,1
2026-01-10T22:46:21,u03,DE,dev-03-b,/api/documents,402,1,0
2026-01-12T01:01:43,u01,DE,dev-01-a,/api/documents,1694,1,0
2026-01-18T17:14:07,u07,IE,dev-07-b,/api/search,7488,1,0
2026-01-29T08:11:58,u08,IE,atk-sh-7551,/api/profile,1069,1,1
2026-01-12T22:55:46,u10,FR,dev-10-b,/api/documents,8850,1,0
2026-01-27T08:09:45,u10,FR,dev-10-b,/api/search,3912,1,0
2026-01-17T17:38:17,u09,US,atk-tr-8993,/api/profile,800,1,1
2026-01-02T17:46:09,u13,ES,dev-13-a,/api/search,3170,1,0
2026-01-27T00:58:18,u04,DE,dev-04-a,/api/reports,381,1,0
2026-01-24T03:16:45,u14,DE,dev-14-a,/api/reports,441,1,0
2026-01-24T18:58:37,u04,DE,dev-04-a,/api/profile,870,1,0
2026-01-02T10:08:06,u06,RU,atk-8576,/api/reports,150,0,1
2026-01-26T00:48:20,u03,DE,dev-03-a,/api/reports,884,1,0
2026-01-20T19:42:23,u11,US,dev-11-a,/api/config,761,1,0
2026-01-20T23:48:22,u01,RU,atk-5800,/api/profile,150,0,1
2026-01-28T15:48:12,u04,DE,dev-04-a,/api/search,488,1,0
2026-01-21T01:36:07,u04,DE,dev-04-a,/api/profile,7418,1,0
2026-01-09T21:32:53,u08,IE,dev-08-a,/api/documents,1942,1,0
2026-01-16T17:05:42,u00,IE,dev-00-a,/api/orders,5479,1,0
2026-01-08T12:34:51,u11,US,dev-11-a,/api/documents,628,1,0
2026-01-28T18:49:19,u04,DE,dev-04-a,/api/reports,1288,1,1
2026-01-15T09:46:22,u05,GB,dev-05-a,/api/reports,494,1,0
2026-01-27T03:00:06,u02,IE,dev-02-a,/api/reports,1033,1,0
2026-01-14T12:47:17,u14,DE,dev-14-a,/api/reports,3402,1,0
2026-01-04T08:43:02,u04,DE,dev-04-a,/api/profile,501,1,0
2026-01-31T00:12:43,u12,ES,dev-12-a,/api/search,1507,1,0
2026-01-17T16:52:03,u12,ES,dev-new-7920,/api/profile,670,1,0
2026-01-10T22:26:09,u08,IE,dev-08-a,/api/search,1087,1,0
2026-01-24T01:14:18,u08,IE,dev-08-a,/api/reports,266,1,0
2026-01-26T16:56:33,u09,US,dev-09-b,/api/reports,5709,1,0
2026-01-15T01:16:54,u03,DE,dev-03-a,/api/profile,5043,1,0
2026-01-25T16:46:29,u12,ES,dev-12-a,/api/profile,100,1,0
2026-01-20T01:58:58,u04,DE,dev-04-a,/api/reports,2121,1,0
2026-01-08T21:14:12,u11,US,dev-11-b,/api/documents,805,1,0
2026-01-14T21:46:17,u06,IE,dev-06-b,/api/profile,2880,1,0
2026-01-08T16:07:15,u05,GB,dev-05-a,/api/reports,3340,1,1
2026-01-25T20:28:13,u10,FR,dev-10-b,/api/reports,1135,1,0
2026-01-22T06:36:32,u02,RU,atk-7909,/api/profile,150,0,1
2026-01-16T00:31:38,u01,DE,dev-01-a,/api/orders,1849,1,0
2026-01-06T03:20:55,u14,DE,dev-14-a,/api/reports,4293,1,0
2026-01-31T18:56:53,u06,IE,dev-06-a,/api/profile,987,1,0
2026-01-23T04:45:55,u00,IE,dev-00-a,/api/documents,864,1,0
2026-01-14T12:34:28,u07,IE,dev-07-b,/api/reports,1909,1,1
2026-01-18T21:22:27,u03,DE,dev-03-b,/api/profile,1723,1,0
2026-01-31T05:43:05,u12,NG,atk-2756,/api/search,150,0,1
2026-01-13T02:11:27,u06,IE,dev-06-a,/api/reports,661,1,0
2026-01-28T09:30:42,u08,IE,dev-08-a,/api/orders,1097,1,0
2026-01-07T23:23:16,u00,FR,dev-00-a,/api/search,464,1,0
2026-01-10T23:55:00,u01,DE,dev-01-a,/api/reports,1025,1,1
2026-01-23T15:23:45,u08,IN,dev-08-b,/api/search,1231,1,0
2026-01-03T16:22:40,u00,IE,dev-00-a,/api/orders,178,1,0
2026-01-19T14:15:41,u03,DE,dev-03-a,/api/documents,497,1,0
2026-01-03T03:37:25,u11,US,dev-11-a,/api/documents,3130,1,0
2026-01-04T02:05:11,u01,DE,dev-01-a,/api/documents,8640,1,0
2026-01-24T02:19:26,u14,DE,dev-14-a,/api/reports,1547,1,0
2026-01-21T00:29:02,u03,DE,dev-03-a,/api/profile,2660,1,0
2026-01-12T02:29:01,u02,IE,dev-02-a,/api/search,434,1,0
2026-01-28T02:06:50,u06,IE,dev-06-a,/api/documents,1870,1,0
2026-01-11T22:05:59,u14,DE,dev-14-a,/api/reports,2213,1,0
2026-01-05T21:01:04,u07,IE,dev-07-b,/api/admin/users,324,1,0
2026-01-08T20:56:30,u02,IE,dev-02-a,/api/documents,1612,1,0
2026-01-08T02:17:10,u06,IE,dev-06-a,/api/orders,558,1,0
2026-01-04T16:08:55,u09,US,dev-09-b,/api/documents/export,29969,1,1
2026-01-24T15:36:07,u09,US,dev-09-a,/api/profile,1037,1,0
2026-01-20T10:53:58,u05,GB,dev-05-a,/api/orders,3024,1,0
2026-01-04T00:50:25,u10,FR,dev-10-a,/api/documents,260,1,0
2026-01-23T21:40:44,u02,NG,atk-9891,/api/search,150,0,1
2026-01-19T10:07:14,u04,DE,dev-04-a,/api/orders,405,1,0
2026-01-08T15:00:54,u14,DE,atk-sh-7615,/api/profile,276,1,1
2026-01-27T22:55:29,u02,IE,dev-02-a,/api/search,282,1,0
2026-01-05T00:10:39,u08,IE,dev-08-a,/api/config,4735,1,0
2026-01-07T16:20:50,u14,DE,dev-14-a,/api/profile,619,1,0
2026-01-29T03:28:29,u12,ES,dev-12-b,/api/system/backup,2111,1,1
2026-01-13T03:52:38,u03,DE,dev-03-b,/api/search,979,1,0
2026-01-16T23:02:20,u01,DE,dev-01-a,/api/documents,7418,1,0
2026-01-31T11:11:52,u13,ES,dev-13-a,/api/documents,3812,1,0
2026-01-04T20:17:59,u06,IE,atk-sh-2173,/api/orders,1240,1,1
2026-01-03T08:34:05,u13,ES,dev-13-a,/api/reports,1021,1,0
2026-01-29T18:48:07,u05,GB,dev-05-b,/api/search,1289,1,0
2026-01-08T19:13:14,u02,IE,dev-02-a,/api/search,2538,1,0
2026-01-17T10:07:13,u08,RU,atk-pe-9090,/api/config,800,1,1
2026-01-08T13:10:26,u07,IE,dev-07-a,/api/documents,492,1,0
2026-01-07T16:04:55,u01,DE,dev-01-a,/api/search,1353,1,0
2026-01-30T22:49:36,u03,BR,atk-9180,/api/reports,150,0,1
2026-01-27T22:25:11,u13,ES,dev-13-a,/api/orders,424,1,0
2026-01-02T08:25:09,u03,DE,dev-03-b,/api/search,5071,1,0
2026-01-04T11:34:33,u12,ES,dev-12-a,/api/profile,1175,1,0
2026-01-22T20:03:43,u03,DE,dev-03-b,/api/reports,1664,1,0
2026-01-07T16:47:57,u02,IE,dev-02-a,/api/search,1238,1,0
2026-01-24T16:24:10,u08,IE,dev-08-a,/api/search,1071,1,0
2026-01-14T14:32:27,u05,GB,dev-05-a,/api/reports,1261,1,0
2026-01-12T02:01:55,u05,GB,atk-pe-1176,/api/config,800,1,1
2026-01-20T23:48:17,u01,RU,atk-5800,/api/search,150,0,1
2026-01-22T14:18:46,u03,DE,dev-03-b,/api/orders,2699,1,0
2026-01-28T06:29:39,u14,DE,dev-14-a,/api/documents,273,1,0
2026-01-14T19:52:37,u12,ES,dev-12-a,/api/search,417,1,0
2026-01-16T01:23:21,u01,DE,atk-sh-1283,/api/orders,786,1,1
2026-01-07T14:17:44,u10,US,dev-10-a,/api/orders,547,1,0
2026-01-17T20:52:34,u09,US,dev-09-b,/api/profile,4043,1,1
2026-01-14T00:24:08,u03,DE,dev-03-a,/api/search,1353,1,0
2026-01-02T07:40:55,u14,BR,atk-1667,/api/reports,150,0,1
2026-01-02T22:28:53,u11,US,dev-11-b,/api/search,6421,1,0
2026-01-10T18:37:13,u06,IE,dev-06-a,/api/admin/users,48488,1,1
2026-01-22T06:36:46,u02,RU,atk-7909,/api/reports,150,0,1
2026-01-14T19:46:50,u00,IE,dev-00-a,/api/documents,1066,1,0
2026-01-24T21:07:13,u13,ES,dev-13-a,/api/profile,1552,1,0
2026-01-23T00:12:37,u00,IE,dev-00-a,/api/reports,429,1,0
2026-01-27T22:15:32,u08,IE,dev-08-a,/api/profile,335,1,0
2026-01-10T13:19:29,u12,ES,atk-sh-4332,/api/reports,1233,1,1
2026-01-02T07:40:54,u14,BR,atk-1667,/api/search,150,0,1
2026-01-18T06:53:30,u11,US,dev-11-b,/api/search,2296,1,0
2026-01-15T09:28:42,u08,IE,dev-08-b,/api/documents/export,352405,1,1
2026-01-16T02:43:22,u13,ES,dev-13-a,/api/documents,260,1,0
2026-01-25T10:49:29,u01,DE,dev-01-a,/api/documents/export,684491,1,1
2026-01-25T19:17:53,u13,ES,dev-13-a,/api/search,629,1,0
2026-01-12T01:47:35,u13,JP,atk-tr-4659,/api/documents,800,1,1
2026-01-29T10:19:38,u01,DE,dev-new-9707,/api/reports,1506,1,0
2026-01-29T12:05:15,u13,ES,dev-13-a,/api/documents,3214,1,0
2026-01-02T09:42:03,u07,IE,dev-07-a,/api/profile,1344,1,0
2026-01-31T20:32:04,u12,ES,dev-12-a,/api/profile,634,1,0
2026-01-28T02:14:58,u04,DE,dev-04-a,/api/profile,190,1,0
2026-01-02T18:55:16,u02,FR,dev-02-a,/api/documents,1211,1,0
2026-01-02T10:08:01,u06,RU,atk-8576,/api/search,150,0,1
2026-01-10T20:24:50,u09,US,dev-09-a,/api/reports,7899,1,1
2026-01-19T02:00:33,u09,US,atk-sh-2542,/api/orders,164,1,1
2026-01-22T20:37:23,u14,DE,dev-14-a,/api/reports,11270,1,0
2026-01-25T10:41:23,u12,ES,dev-12-a,/api/documents,654,1,0
2026-01-31T05:42:58,u12,NG,atk-2756,/api/orders,150,0,1
2026-01-23T00:19:53,u02,IE,dev-02-a,/api/orders,2716,1,0
2026-01-02T22:51:32,u14,DE,dev-14-a,/api/search,2044,1,0
2026-01-12T18:38:48,u03,DE,dev-03-b,/api/orders,1286,1,0
2026-01-19T07:06:21,u08,IE,dev-08-b,/api/reports,1593,1,0
2026-01-17T20:41:04,u02,IE,dev-new-9723,/api/documents,1666,1,0
2026-01-03T01:34:22,u04,DE,dev-04-a,/api/documents,1448,1,0
2026-01-25T06:15:52,u12,ES,dev-12-a,/api/reports,873,1,1
2026-01-05T08:38:44,u05,GB,dev-05-b,/api/search,586,1,0
2026-01-08T20:16:13,u00,IE,dev-00-a,/api/search,3798,1,0
2026-01-22T21:55:25,u09,US,dev-09-a,/api/reports,2133,1,0
2026-01-23T21:40:38,u02,NG,atk-9891,/api/documents,150,0,1
2026-01-31T05:42:54,u12,NG,atk-2756,/api/search,150,0,1
2026-01-04T19:16:52,u04,DE,dev-04-a,/api/profile,282,1,0
2026-01-17T18:00:43,u02,IE,dev-02-a,/api/orders,1469,1,0
2026-01-02T17:57:20,u12,ES,dev-12-b,/api/profile,1464,1,0
2026-01-12T12:25:20,u07,IE,dev-07-a,/api/reports,4490,1,0
2026-01-15T12:44:30,u00,IE,dev-00-a,/api/search,2038,1,0
2026-01-25T08:22:09,u06,IE,dev-06-b,/api/search,12556,1,0
2026-01-21T03:18:13,u13,ES,dev-13-a,/api/search,1686,1,0
2026-01-12T00:44:08,u08,NG,atk-2371,/api/documents,150,0,1
2026-01-03T08:47:26,u14,DE,dev-14-a,/api/documents,733,1,0
2026-01-11T13:56:29,u11,US,dev-11-b,/api/config,2262,1,0
2026-01-17T20:18:14,u13,ES,dev-13-a,/api/profile,1252,1,0
2026-01-08T03:58:48,u00,IE,dev-00-a,/api/orders,2001,1,0
2026-01-18T15:53:59,u07,IE,dev-07-a,/api/orders,1670,1,0
2026-01-18T18:05:20,u07,US,dev-07-b,/api/documents,12626,1,0
2026-01-29T11:58:37,u09,US,dev-09-b,/api/admin/users,800,1,1
2026-01-07T15:39:40,u10,FR,dev-10-a,/api/profile,6688,1,0
2026-01-17T10:43:46,u11,US,dev-11-b,/api/orders,1289,1,0
2026-01-07T19:36:30,u08,IE,dev-08-a,/api/profile,1569,1,0
2026-01-09T01:07:42,u05,GB,dev-05-a,/api/reports,269,1,0
2026-01-27T13:30:18,u04,DE,dev-04-a,/api/documents,963,1,0
2026-01-27T19:14:19,u07,IE,dev-07-b,/api/documents,1677,1,0
2026-01-20T19:01:30,u10,US,atk-tr-9144,/api/reports,800,1,1
2026-01-17T21:54:35,u10,FR,dev-10-b,/api/reports,852,1,0
2026-01-13T23:05:21,u11,US,dev-11-a,/api/search,567,1,0
2026-01-11T16:39:23,u14,DE,dev-14-a,/api/orders,1008,1,0
2026-01-05T18:24:15,u13,ES,dev-13-a,/api/admin/users,8985,1,1
2026-01-02T05:23:19,u11,US,dev-11-a,/api/documents/export,274565,1,1
2026-01-23T19:35:50,u00,IE,dev-00-a,/api/reports,1213,1,0
2026-01-06T17:37:14,u06,IE,dev-06-a,/api/system/backup,34745,1,1
2026-01-15T09:20:01,u02,IE,dev-02-a,/api/search,2552,1,1
2026-01-23T22:09:02,u12,ES,dev-12-a,/api/documents,1773,1,0
